id	surface	gloss	level
5223	가게	Store	A
5233	가격	Price	B
5299	가구	Furniture	B
5300	가구	Family	C
5338	가까워지다	Get closer	B
5339	가까이	Close to, not far	B
5340	가까이	Close to, not far	B
5343	가깝다	Close	A
5347	가꾸다	1) grow or cultivatea 2) dress oneself up	B
5348	가끔	Sometimes	A
5355	가난	Poor	C
5357	가난하다	to be poor	B
5400	가늘다	Thin or  fine or  slender	B
5412	가능	Possibility	C
5416	가능성	Possibility	B
5422	가능하다	To be possible	B
5424	가능해지다	To become possible	C
5427	가다	To go	A
5456	가득	Full	B
5468	가득하다	To fill	B
5469	가득히	Full	C
5475	가라앉다	To sink (calm,settle,subside)	C
5505	가령	1) For example 2) supposing or admitting	C
5507	가로	Width or  breadth	B
5516	가로등	A street light, for lighting up the sidewalk	C
5520	가로막다	Interrupt or  obstruct	C
5526	가로수	A roadside tree	C
5541	가루	Powder or  flour; meal	B
5568	가르다	1) split or  divide 2) distribute or  share  3) distinguish or  separate	C
5582	가르치다	To teach	A
5583	가르침	Teaching or  an instruction	C
5596	가리다	Choose or  select	B
5597	가리다	Pile up or  stack up or heap up	B
5607	가리키다	Point to or  indicate	B
5619	가만	Quietly or  softly	C
5621	가만있다	Remain still or  motionless	C
5623	가만히	Quietly or  softly	B
5677	가뭄	A drought	C
5689	가방	Bag	A
5733	가볍다	Light	A
5764	가사	Words or  lyrics	C
5780	가상	Imagination	C
5837	가수	Singer	A
5844	가스	Gas	B
5939	가슴	Chest	A
5948	가슴속	one's heart feelings	B
6064	가요	A song	B
6078	가운데	In the middle	A
6084	가위	Scissors	B
6095	가을	Autumn or  fall	A
6099	가이드	Guide	B
6109	가입	Entrance	C
6117	가입자	Member or  subscriber	C
6119	가입하다	Join	C
6131	가장	Head of a household	C
6132	가장	Most	A
6216	가정	Supposition	C
6217	가정	Famly	B
6236	가정교사	Private tutor	C
6291	가져가다	To take or  carry	B
6292	가져다주다	Take something to someone	B
6294	가져오다	To bring or  get	A
6297	가족	Family	A
6324	가죽	The skin or  hide or  leather	B
6380	가지	One of the kind or  a sort	B
6381	가지	Eggplant	B
6388	가지다	To have or  take or  hold	A
6389	가지다	Entertain or  hold or  have	A
6401	가짜	Fake	B
6478	가치	Price	C
6479	가치관	one's values or sense of values, a value system	C
6498	가톨릭	Catholic	C
6515	가하다	To add	C
6547	각	Each or  every	B
6558	각각	Each and every (applied to both of 2 options)	B
6559	각각	Each and every  (applied to both of 2 options)	B
6572	각국	Each country	B
6578	각기	Each or  severally or  respectively	C
6665	각오	Readiness or preparation	C
6684	각자	Each one or  every one	B
6685	각자	Each one or  every one	B
6692	각종	All sorts or  varieties	B
6722	간	The interval between	B
6723	간	A salty taste or  saltiness	C
6724	간	Liver	C
6730	간격	A space or  interval	C
6763	간단하다	To be simple	B
6764	간단히	Simply speaking	B
6797	간부	The leaders (cadre, exec, executive, management)	C
6831	간섭	Interfere or meddle	C
6852	간식	Snack	B
6857	간신히	Narrowly or  barely. 겨우	C
6898	간장	soy sauce	B
6905	간접	Indirectness	C
6923	간접적	Indirect or  mediate	C
6989	간판	A signboard	C
6994	간편하다	Simplicity or convenience; simple and convenient	C
7010	간호	Nursing or caring for	C
7017	간호사	A nurse	A
7026	간혹	Occasionally or at times	C
7028	갇히다	Be confined or  shut up	C
7046	갈다	Renew or  substitute ; same as 바꾸다	B
7047	갈다	1) sharpen  (a blade) 2) rub or  chafe 3) make juice in a mixer	B
7051	갈등	Conflict or  troubles	C
7091	갈비	The ribs	A
7093	갈비탕	Beef-rib soup	B
7096	갈색	Brown	B
7101	갈수록	As one goes aong	C
7106	갈아입다	Change one's clothes	B
7109	갈아타다	Transfer (bus or subway)	B
7116	갈증	Thirst	C
7139	감	Persimmon	B
7141	감	Feelings	C
7149	감각	Sense or  sensation or  feeling	C
7211	감기	A cold	A
7235	감다	Close	B
7236	감다	Wind up	C
7245	감독	The director	C
7270	감동	Agitate or  stir up the emotions	B
7273	감동적	Sensational	C
7333	감사	Thanks	A
7355	감사하다	To thank	A
7362	감상	Appreciation (of art)	B
7369	감상하다	To show appreciation (for art)	B
7377	감소	Decrease or  dimunition	C
7378	감소되다	To be reduced or  diminished	C
7389	감소하다	To reduce or diminish	C
7405	감수성	Receptivity or  susceptibility	C
7432	감싸다	1) wrap up or  tuck in 2) to protect or  defend	C
7462	감옥	Prison	C
7474	감자	Potato	B
7489	감정	Feelings	B
7533	감정적	Emotional	C
7575	감추다	Hide or  conceal	C
7632	감히	Daringly or  boldly	C
7634	갑	1) The first  2) the former	C
7660	갑자기	Suddenly	A
7662	갑작스럽다	All of a sudden	C
7678	값	Price	A
7687	값싸다	Cheap or  low-priced	C
7748	강	River	A
7797	강남	South of a river	C
7803	강당	A lecture hall	B
7808	강도	A robber or a burglar ; the act of burglary or robbery	B
7809	강도	Intensity or  strength	C
7832	강력하다	To be strong or  powerful	C
7834	강력히	With great strengh or  or might	C
7836	강렬하다	Intense or  strong or  severe	C
7850	강물	River water	B
7868	강변	A riverside; a subway stop on line 2 with Technomart & 동서울버스터미널	C
7873	강북	North of the river	C
7874	강사	Instructor or  teacher	C
7903	강수량	How much rainfall	C
7924	강아지	Puppy	B
7954	강요하다	Insist on	C
7960	강원도	Region surrounding seoul	D
7966	강의	A lecture or  discourse	C
7974	강의하다	To give a lecture	C
7992	강제	Compulsion or  coercion	B
8039	강조	Emphasis or  stress	C
8043	강조하다	Place empasis upon	B
8109	강하다	To be strong or  powerful	B
8124	강화하다	Strengthen	C
8127	갖가지	A variety of or  all sorts	C
8136	갖다	Possess	B
8137	갖다	To hold	B
8139	갖추다	Make or get ready or prepare	C
8144	같다	To be similar	A
8149	같이	Together	A
8154	같이하다	To do together or  to share	C
8159	갚다	Pay back a loan	C
8165	개	A dog	A
8166	개	Unit or  piece	A
8195	개개인	Individuals or  every person	C
8226	개구리	Frog	B
8245	개국	The foundation of a country	C
8258	개나리	A forsythia or  a golden-bell tree	B
8286	개다	To clear up or  become clear (weather)	C
8341	개미	Ant	C
8362	개발되다	To be developed or  exploited	C
8375	개발하다	Develop or  exploit or  open up to development	B
8378	개방	Open or  throw open	C
8382	개방되다	To be opened	C
8391	개방하다	To open or  to throw open	C
8397	개별	An individual or  a particular case	C
8438	개선	Renovation or improvement or betterment	C
8440	개선되다	To be renovated or  to get improved	C
8446	개선하다	To renovate or  to improve	C
8451	개성	Individuality or personality	C
8532	개월	Each and every month	A
8538	개인	Private or  individual	B
8585	개인적	Private or  personal	B
8781	객관적	Objective	C
8889	걔	Child	B
8891	거	That thing	A
8892	거	That thing	A
8905	거기	There (location)	A
8919	거꾸로	Backwards or  bottom up or  the wrong way	C
8964	거대하다	Huge or  gigantic or  enormous	C
8972	거두다	Collect or  gather up	C
8991	거들다	Help or  assist or  lend	C
8996	거듭	Again or  over and over	C
9036	거리	A road or street	A
9037	거리	Materials	B
9038	거리	Distance	C
9092	거부하다	Deny or  reject or  disapprove	C
9163	거실	Living room	B
9166	거액	A large sum of money	C
9174	거울	1) mirror  2) a pattern or  model or  exemplar	A
9190	거의	Almost or  nearly	B
9229	거절하다	Refuse or  reject	C
9254	거짓	Fabrication or  fiction	B
9266	거짓말	A lie or  falsehood	B
9306	거치다	Pass or go through	C
9314	거칠다	Coarse (texture) or  wild (behavior) or  (rain and wind) rough or  wild	C
9326	거품	Bubble	C
9359	걱정	Worry	A
9362	걱정되다	To become worried, to be worried	B
9366	걱정스럽다	Anxious or  uneasy	B
9370	걱정하다	To worry or  be anxious	A
9374	건	A matter or  an object or  a case	C
9382	건강	Health	A
9423	건강하다	To be healthy	A
9443	건너	The other or  opposite side	C
9446	건너가다	To cross or  go over (river or  street)	B
9447	건너다	Go over or  go across	B
9450	건너오다	To come across to this side of something	B
9453	건너편	The opposite side	B
9454	건넌방	The room opposite the main living room	C
9460	건네다	Speak to a person or  address	C
9462	건네주다	To pass over or  to put on the other side (of a river)	C
9475	건드리다	1) touch or  jog  2) irritate or  vex	C
9497	건물	Building	A
9524	건설	Construction	C
9528	건설되다	To become constructed	C
9540	건설하다	To construct or  erect	C
9570	건전하다	to be healthy or sound or have vitality	C
9573	건조	Dryness or  aridity	C
9584	건조하다	Ry or  arid or  become dry	C
9590	건지다	Take or bring out of the water or  2) rescue a person from danger	B
9614	건축	Construction or  building or  erection	B
9662	걷기	Walking	C
9665	걷다	To walk	A
9666	걷다	1) Roll back /up one's sleeves  2)fold or  furl up  3) finish work	C
9667	걷다	Walk on or  tread on	C
9683	걸다	Hang up or  suspend	A
9698	걸리다	To be hung up or  suspended	B
9725	걸어가다	To go on foot or  walk	A
9739	걸어오다	Come on foot or  walk	A
9745	걸음	Walking or  stepping or  a step	B
9763	걸치다	1) put a thing over or across 2) to range from A to B	C
9797	검다	Black or  dark	B
9827	검사	A public prosecutor	C
9828	검사	an investigation or inspection or  examination or  audit, a test	B
9904	검은색	black	A
9937	검토	An examination or investigation or  study	C
9948	겁	Fear or  fright	B
9956	겁나다	Be frightened or  scared	C
9988	것	A thing or  an object	A
9992	겉	The outer surface	B
10052	게	A crab	C
10071	게다가	In addition	B
10098	게시판	A notice board or  a bulletin board	C
10112	게으르다	Lazy	C
10143	게임	Game	A
10191	겨우	Barely or  narrowly.  간신히	B
10194	겨울	Winter	A
10207	겨울철	The winter season	B
10211	겨자	Mustard	C
10395	겪다	Experience or  undergo or  suffer; (2) to entertain guests (3) to spend time with a person	C
10419	견디다	Endure or  bear	B
10535	견해	An opinion or  view.  Same as 의견	C
10548	결과	Result	B
10568	결과적	of a result	C
10571	결국	After all or  in the end	B
10590	결론	A conclusion	C
10639	결석	Absent	C
10646	결석하다	To be absent	C
10660	결승	The decision of the final round of a contest	C
10676	결심	Determination or  resolution	C
10679	결심하다	To resolve or be determined	B
10736	결정	A decision or  determination	B
10746	결정되다	To become decided	B
10784	결정하다	To decide	B
10807	결코	Never or  by no means	C
10862	결혼	Marriage	A
10894	결혼식	Wedding	A
10908	결혼하다	Get married	A
11006	경계	a boundary, the boundary	C
11019	경고	Warning	C
11028	경고하다	To warn	C
11060	경기	The business market's state	C
11061	경기	Race or  match or  contest	B
11066	경기도	Region surrounding seoul	D
11075	경기장	Sports stadium or  a sports field	B
11102	경력	one's personal career/work history	C
11195	경복궁	a palace in 종로 in 서울	D
11202	경비	Expenses or  outlay	C
11250	경상도	Kyung-San-Do province (ulsan or kyungju)	B
11310	경영	Management or  administration	B
11329	경영하다	To manage or  adminster	C
11342	경우	A case or  an instance	B
11388	경쟁	Competition or  rivalry	C
11393	경쟁력	Competitiveness	C
11421	경제	Economy	B
11453	경제력	Economic power	C
11475	경제적	Economical	B
11487	경제학	Economics	C
11503	경주	Region surrounding seoul	D
11554	경찰	The police (경계하여 실핌). same as 경찰관	A
11556	경찰관	a policeman	A
11563	경찰서	A police station	A
11592	경치	A scene or  scenery	A
11627	경향	Tendency or  trend	C
11633	경험	Experience or  undergo or  suffer	B
11659	경험하다	To experience or  go through	B
11685	곁	Neighborhood or  vicinity	B
11714	계곡	A valley or  gorge	C
11764	계단	A staircase or  a set of stairs	B
11774	계란	An egg	A
11829	계산	Calculation	B
11837	계산기	Calculator	B
11868	계산하다	To calculate	B
11880	계속	Continuously	A
11881	계속되다	To continue	B
11890	계속하다	To continue	B
11915	계시다	(someone esteemed) to stay or  be located	A
11916	계시다	(honorofic) to stay or  reside	A
11923	계약	Contract	B
11975	계절	a season of the year	A
11987	계좌	Account	C
12009	계층	A class or social stratum ; a network layer	C
12029	계획	A plan or  a project	A
12042	계획하다	Plan or  make a project	B
12079	고개	The nape of the neck	B
12080	고개	the peak or crest (of a hill)	C
12083	고객	Customer	B
12123	고교	High school	B
12127	고구려	one of the 3 ancient Korean kingdoms, founded in 37 BC by 동명왕 주몽	D
12128	고구마	Sweet potato	B
12131	고궁	An ancient palace	C
12145	고급	High rank or  first class	B
12171	고급스럽다	To be high-class	C
12183	고기	Meat	A
12347	고등학교	A senior high school	A
12348	고등학생	High school student	A
12387	고려	ancient Korean dynasty	D
12395	고려하다	Regard or respect	B
12410	고르다	Choose or  select	B
12411	고르다	Flat or  even; to make size, height, volume the same; to flatten, make level	B
12465	고맙다	To thank	A
12475	고모	A paternal aunt	B
12476	고모부	The husband of one's paternal aunt	B
12490	고무신	Rubber shoes	C
12533	고민	Worry or  anguish	B
12539	고민하다	Be in anguish or  worried	B
12627	고생	A hard life or  privation	B
12642	고생하다	To suffer or  to have trials ; to do something you don't want to do, 하고 싶자 않은 것	B
12671	고소하다	Taste of sesame oil or  taste of a nut	C
12675	고속	High speed	B
12697	고속도로	Freeway or  highway with no street lights	B
12700	고속버스	Bus for the freeway	B
12785	고양이	Kitten	A
12834	고요하다	Be quiet or silent or still	C
12909	고작	To be at the highest or  the best	C
12910	고장	A district or  producing area	B
12911	고장	Broken, a breakdown, equipment failure	B
12928	고전	A classic in literature	C
13035	고집	Persistence or  stubborness	C
13055	고집하다	To be stubborn or  persistent	C
13104	고추	Red pepper	B
13109	고추장	red pepper paste	B
13111	고춧가루	red pepper powder	B
13138	고치다	To fix, amend, change	B
13153	고통	Suffering or  agony	B
13164	고통스럽다	Be painful or  torment	C
13183	고프다	Hungry or  famished	A
13192	고함	A shout or  yell	C
13216	고향	Hometown, where you are originally from	A
13241	곡	A tune or  an air	C
13283	곡식	Cereals or  grain	C
13358	곤란하다	Difficulty or  trouble	C
13399	곧	Soon	A
13410	곧다	Be straight or upright or  erect	C
13411	곧바로	At once or  straight away	B
13417	곧이어	Soon hereafter	C
13418	곧잘	1) fairly or  pretty well 2) frequently or  too often	C
13421	곧장	Directly or  straightforwardly ; to do something straight away	C
13425	골	Goal	C
13436	골고루	Evenly or  among all indiscriminately	C
13470	골목	A side street or  alley	B
13471	골목길	An alley	B
13509	골짜기	A valley or  gorge	C
13512	골치	Worry or  anxiety	C
13534	골프	Golf	B
13538	골프장	Golf course	B
13560	곰	Bear	B
13591	곱다	Beautiful	B
13623	곳	Place	A
13625	곳곳	Everywhere	B
13628	공	Ball	A
13637	공간	Space or  room	B
13665	공개	opening to the public, making public	C
13687	공개하다	Open to the public	C
13691	공격	Attack	C
13698	공격하다	To attack	C
13711	공공	The public or  the common	C
13763	공군	The air force	C
13794	공급	Supply or  provision	C
13819	공기	Public institution	C
13820	공기	Air	B
13901	공동	Association or union or collaboration, working together	B
14089	공무원	Public servant, an employee of the government	B
14147	공부	Study	A
14154	공부하다	To study	A
14166	공사	Construction work or  engineering work	B
14280	공식	A formula or  formality	C
14292	공식적	Formal or  procedural	C
14324	공업	The industry or manufacturing industry	C
14350	공연	A public performance	B
14353	공연되다	To give a public performance	C
14358	공연장	Auditorium	C
14360	공연하다	Offer a performance	C
14361	공연히	Futile or vain or useless	C
14386	공원	Park	A
14483	공장	Construction site	B
14549	공주	A royal princess	C
14552	공중	The air or  the sky	C
14604	공중전화	A public payphone	B
14634	공짜	Free	B
14649	공책	Notebook for taking notes and studying	A
14673	공통	Commonness, shared in common	C
14675	공통되다	To be common	C
14680	공통적	Commonly	C
14681	공통점	A common point or  a common feature	C
14700	공포	Fear or  dread	C
14727	공항	Airport	A
14729	공항버스	Bus to the airport	B
14732	공해	Environmental pollution	C
14768	공휴일	A legal holiday	A
14771	과	1) A course or  branch of study  2) a department or  a faculty	C
14772	과	A lesson or  a section or  a department	A
14790	과거	The state examination	C
14791	과거	The past	B
14908	과목	A subject or  a lesson	B
14982	과연	Just as one thought	C
14995	과외	Extracurricular work	C
15013	과일	A fruit	A
15020	과자	A snack or  pastries or  candy	A
15027	과장	The department/section head	B
15059	과정	A course or  curriculum	C
15060	과정	Process or  course	C
15064	과제	a task; a subject or a thesis or homework; an exercise/a problem	B
15090	과학	Science	B
15111	과학자	Scientist	B
15113	과학적	Scientifically	B
15151	관객	Spectator	B
15161	관계	Connection or  relation	B
15168	관계되다	Be affected or  influenced by	C
15178	관계없이	Without any relation	C
15181	관계자	The interested or affected parties	C
15196	관광	Sightseeing or  tourism	B
15200	관광객	A tourist	B
15206	관광버스	Tourist bus	C
15210	관광지	Tourist area	B
15226	관념	An idea or  notion	C
15274	관람	Inspection or  viewing	C
15280	관련	Relation or  connection or  reference	B
15283	관련되다	Be connected or  related to	B
15297	관련하다	To be related to or  connected to	B
15332	관리	A government official	C
15333	관리	Management or  administration	B
15356	관리하다	To manage or  control or  supervise or  manage	C
15436	관습	Custom or  usage	C
15453	관심	Concern or  interest	B
15456	관심사	A matter of concern and interest	C
15541	관점	A point of view or a standpoint/outlook	C
15567	관찰	Observation or  survey	C
15574	관찰하다	to observe or  view or  watch	B
15602	관하다	Refer to or  be about	B
15657	광경	A spectacle or a sight in 3-d and uncut (compare 관광 tourism)	C
15658	광고	Advertisement	B
15894	광장	An open space or  a plaza or  public square, a piazza	C
15917	광주	City in Chello-nam do	D
16004	괜찮다	To be okay	A
16007	괜히	In vain or  useless or  fruitless, for a stupid reason	B
16038	괴로움	Trouble or  annoyance or  distress	C
16042	괴로워하다	To distress or  trouble	C
16044	괴롭다	Be painful or  distressing	B
16049	괴롭히다	to Afflict or torment sb else	C
16115	굉장하다	Be grand or  magnificent or  splendor	C
16118	굉장히	Very very much or  greatly	B
16132	교과서	Textbook	A
16156	교내	Inside the school	C
16161	교대	Alternation or  change	C
16196	교류	Interchange (cultural) ; alternating current (electrical)	B
16232	교문	A school gate	B
16251	교복	School uniform	C
16269	교사	Instructor	C
16297	교수	Teaching or  instruction	A
16321	교시	Teach or  instruct or  enlighten	C
16325	교실	Classroom	A
16328	교양	Culture or  education	C
16347	교외	Outside the school or  extramural	C
16370	교육	Education	B
16398	교육비	Tuition or  the cost of a school education	C
16417	교육자	An educator	C
16445	교장	Principal	C
16452	교재	Teaching material or  insruction materials	C
16515	교직	The teaching profession	C
16551	교체	Shift or change or alternate	C
16565	교통	Traffic or  transportation	A
16584	교통사고	a traffic accident	B
16603	교포	A Korean living abroad	B
16628	교환	An exchange	B
16648	교환하다	To exchange	C
16672	교회	Preach or  moral instruction	A
16732	교훈	Edification or  giving instructions to	C
16746	구	9	A
16751	구15	Ward or  district	C
16786	구경	An enjoyable sight or spectacle	A
16795	구경하다	To watch or  enjoy watching	B
16877	구두	Shoes or  boots	A
16923	구르다	Roll over	C
16929	구름	A cloud or  the clouds	A
16980	구멍	A hole	B
17054	구별	A distinction or  a separation	C
17055	구별되다	To be separated andistinguished	C
17063	구별하다	To distinguish between A and B	C
17086	구분	A division or  section	C
17087	구분되다	To be put into sections	C
17096	구분하다	To divide or  to classify	C
17139	구석	1) a corner  2) an out of the way place	C
17140	구석구석	Every nook and corner	C
17154	구성	Organization or constitution, the framework of something	C
17157	구성되다	To be organized	C
17175	구성하다	To organize or  makeup	C
17187	구속	To arrest or  put in detention	C
17191	구속되다	To be arrested	C
17205	구속하다	To arrest or  restrain	C
17258	구십	90	A
17292	구역	A zone or  district	C
17321	구월	September	A
17332	구입	Purchase or  buying	C
17343	구입하다	Purchase or  buying	C
17383	구조	Construction or structure	C
17437	구청	A ward or district office	C
17443	구체적	Concretely	B
17493	구하다	Rescue a person	B
17494	구하다	1) To buy or  purchase or  2) look for or  seek or  want	B
17544	국	Soup or  broth	B
17546	국가	A state or  a nation	B
17558	국가적	National or of the state	C
17606	국기	The national flag	B
17610	국내	Inside the country	B
17622	국내선	Domestic airline	C
17625	국내외	The inside and outside of a country or  home and abroad	C
17642	국립	Government established	B
17682	국물	soup or broth or gravy	B
17683	국민	The people or  a nationality	B
17725	국민적	National or  for citizens	C
17763	국사	The history of a country	C
17767	국산	A country's product	C
17790	국수	Noodles	B
17803	국어	1) The national language or  2) Korean	B
17818	국왕	A king or  a monarch	C
17865	국적	Nationality or  citizenship	C
17875	국제	International	B
17999	국제선	International airline	C
18011	국제적	International	C
18025	국제화	Internationalization	C
18062	국회	The National Assembly	C
18070	국회의원	A member of the national Assembly	B
18078	군	Mr.	B
18079	군	An army	B
18080	군	A county or district	C
18131	군대	Troops or  an army	B
18153	군데	A place or spot	B
18192	군사	A soldier, a private (not sb giving orders)	C
18193	군사	Military affairs	C
18271	군인	Sb in the military	A
18365	굳다	Harden or  become hard	C
18376	굳어지다	Become hard	C
18381	굳이	Firmly or  admanantly	B
18383	굳히다	Harden or  make hard	C
18506	굵다	Be thick or  fat	B
18509	굶다	To starve or  go hungry	C
18539	굽다	To roast or bake	B
18572	굽히다	Bend or  stoop	C
18587	궁극적	Finally or in the end, 마지막으로, ultimately	C
18591	궁금하다	To wonder or  be curious about	B
18654	권	A volume or  a book	A
18693	권리	The ability to enforce a right or a claim to sth	C
18730	권위	1) Authority or  power  2) dignity or  prestige	C
18765	권투	Boxing or  K1	B
18774	권하다	1) advise or  persuade 2) recommend	B
18830	귀	Ear	A
18833	귀가	Returning home	C
18843	귀가하다	To return home	C
18862	귀국	Returning to one's home country	B
18866	귀국하다	To return to one's home country	B
18942	귀신	A ghost	C
18976	귀엽다	To be cute	B
19032	귀중하다	To be precious	C
19051	귀찮다	Annoying irksome	C
19071	귀하다	1) noble or  high  2) dear  3) lovable or  precious	C
19097	귓속	The inner ear	C
19113	규모	Scale or  scope or  structure	C
19138	규정	Provision or  stipulation, acc. to the 규칙	C
19165	규칙	Rules or  regulations	B
19180	규칙적	Be regular or  systematic	B
19256	균형	Balance or  equilibrium	C
19285	귤	A Jeju orange	C
19290	그	That	A
19291	그	He	A
19292	그간	the meantime, the interval	C
19294	그거	That thing	A
19297	그것	That thing	A
19336	그곳	That place	A
19343	그나마	Even though or  nevertheless	C
19345	그날	That day or  that same day	A
19350	그냥	Just because or  in that condition	B
19353	그녀	she	A
19356	그놈	That person or  that guy	C
19357	그늘	1) shade 2)parental prodection	B
19371	그다음	Next	B
19372	그다지	So much or  to that extent	B
19376	그대	You or  thou	C
19377	그대로	Like that	B
19383	그동안	During that time	A
19389	그때	Then or  at that time	A
19417	그래	So or  yes or  that's right	A
19418	그래	Yes or  that's right	A
19427	그래도	All the same	B
19431	그래서	And so accordingly	A
19432	그래서	So or  therefore	A
19434	그래야	And so or  and then	C
19443	그래픽	Graphic	C
19450	그램	Gram	B
19468	그러니까	And so it is that	A
19469	그러다	and so, and then, well	C
19470	그러다	and so, and then, well	C
19471	그러면	If so or  if that is the case	A
19477	그러므로	So or  hence or  therefore	B
19482	그러하다	To be so or  right	B
19487	그런	Such a	B
19496	그런대로	Such as it is or  anyways	C
19497	그런데	But or  however	A
19507	그럴듯하다	Be plausible or  specious or  likely	C
19511	그럼	Certainly or  of course.	A
19512	그럼	Interjection: “yeh or  that's right”	A
19518	그렇게	And so. like that	B
19526	그렇다	That is right or  yes.	A
19533	그렇지	So it is or  that is right	B
19537	그렇지만	But or  however	A
19562	그려지다	Draw	B
19575	그루	1) a root  2) stubble	C
19579	그룹	Group	B
19590	그릇	A vessel or  receptacle	A
19615	그리	So or to that extent, so much as	B
19617	그리고	And or  and then	A
19623	그리다	Picture or  draw a picture	A
19631	그리로	Over there	C
19706	그리움	Yearning or  affection	C
19709	그리워하다	Yearn or  be attached to	C
19714	그리하여	And then or  and so or  and now	C
19723	그림	A picture	A
19752	그림자	A shadow or  a sillheoute or  an image	B
19765	그립다	Beloved or  sweet or  affectionate	B
19766	그만	That much or  a little amount	B
19769	그만두다	Stop or  discontinue	B
19773	그만큼	That much or  to that extent	B
19775	그만하다	Be about the same or  be neither better nor worse	B
19825	그분	That person (respectful)	A
19828	그사이	The while or  the meantime	C
19872	그이	That person or  he or him / she or her	C
19881	그저	1) still or  all the time  2) easily or  with no effort	C
19885	그저께	The day before yesterday	C
19886	그전	former days, the past, the other day	C
19888	그제서야	Then	C
19889	그제야	For the first time or  not ... until	C
19890	그중	among the rest of them; the most	B
19896	그쪽	Those people	A
19901	그치다	Stop or  cease or  halt	B
19906	그토록	So much or  to such an extent	C
19907	그해	That year	B
19911	극	Drama or  play	C
19982	극복	Conquest or  subjugation	C
19983	극복하다	To overcome or  surmount	C
20032	극작가	A dramatist	C
20037	극장	Theater or  playhouse	A
20094	극히	Exceedingly or  extremely	C
20100	근거	Basis or  foundation	C
20115	근거하다	To base sth on sth	C
20125	근교	Suberbs	C
20163	근데	But or  however	B
20166	근래	Of late or  recently	C
20171	근로	Labor or  exertion	C
20177	근로자	Laborer	B
20193	근무	Duty or  service or  work	B
20204	근무하다	Work or  labor	B
20209	근본	The foundation or  basis	C
20217	근본적	foundational, fundamental	C
20263	근원	The origin or  root or  source	C
20281	근육	Muscles	C
20360	근처	Nearby or  the vicinity	A
20378	글	words, a verse	B
20438	글쎄	Now or  well or  let me see	B
20440	글쎄요	Now or  well or  let me see	B
20441	글쓰기	Writing	B
20442	글씨	1) Handwriting 2) a letter or  an ideograph or  a character	B
20449	글자	a letter, a character	B
20469	긁다	Scratch or  scrape	C
20487	금	Gold	B
20488	금	A line (draw)	C
20501	금강산	The Diamond Mountains	C
20509	금고	A safe or  strongbox	C
20544	금년	This year	B
20579	금메달	Gold medal	C
20604	금방	Just now or  a moment ago	B
20643	금세	In a moment or  at once	C
20686	금액	Amount ofmoney	C
20696	금연	Prohibition of smoking	B
20705	금요일	Friday	A
20807	금지	Forbidden or  prohibitted	B
20813	금지되다	To be forbidden or prohibited	C
20828	금지하다	To restrain or prohibit	B
20841	금하다	1) suppress or  restraint 2) abstain from or  restrain from	C
20853	급	Class or  grade or  rank	A
20872	급격히	Be rapid or  sudden	C
20934	급속히	Rapidly or  swiftly	C
20984	급증하다	Surge or  sudden rapid increase	C
21014	급하다	Be urgent or  pressing or  iminent	B
21024	급히	Fast or  quickly or  in a hurry	C
21026	긋다	1) draw or  mark   2) strike	C
21037	긍정적	Affirmation or  admission	B
21045	기13	1) energy  2) breath or  wind	C
21046	기23	A flag or  a banner	C
21061	기간	A period or  a time or	B
21081	기계	An instrument or  a machine	B
21178	기관	An engine or  a machine	C
21222	기구	Structure or  framework	C
21223	기구	A utensil or  tool	C
21250	기기	Machinery and tools	C
21274	기념	Commemoration	C
21299	기념일	Commemoration day	C
21304	기념품	A momento	C
21307	기념하다	Commemorate	C
21319	기능	Ability or capacity or skill	C
21320	기능	Function or functionality	C
21357	기다	Crawl or creep	C
21363	기다리다	To wait	A
21371	기대	Expectation	B
21378	기대다	1) To rely upon or  lean upon 2) lean against	C
21380	기대되다	To be expected	C
21389	기대하다	To expect or look forward to	B
21395	기도	A prayer	B
21408	기도하다	To pray	C
21412	기독교	Christianity	C
21452	기둥	A pillar	C
21498	기록	A record or  a document	C
21504	기록되다	To be recorded or written down	C
21515	기록하다	To record and write down	B
21528	기르다	Educate or train or cultivate (2) to grow long hair	B
21537	기름	Oil or  fat	B
21601	기막히다	Be at a loss for words	C
21660	기법	Technique	C
21676	기본	A foundation	B
21699	기본적	Fundamental or  basic	C
21724	기분	Mood	A
21784	기뻐하다	Be pleased or  delighted with	B
21788	기쁘다	To be happy	B
21789	기쁨	Joy or  delight	B
21796	기사	An article or  an account	B
21797	기사	Technician	B
21877	기성	To be already existing or  established	C
21881	기성세대	Old people	C
21914	기숙사	A hostel or  residence hall	A
21919	기술	Art or  technique or  ability	B
21930	기술자	Technician	C
21940	기술하다	To describe or give an account of	C
22030	기억	A memory	B
22037	기억나다	To memorize, to remember	B
22038	기억되다	To be remembered	C
22060	기억하다	To recall or  remember	B
22063	기업	An enterprise or business	C
22090	기업인	Businessman	C
22099	기여	Contribution or service to a community or group	C
22102	기여하다	to contribute or add to. 이바지하다	C
22108	기온	Temperature	B
22127	기운	Strength or  might (the strength you feel you have on that particular day)	B
22153	기울다	(1) To tilt or lean  (2) the sun sets	C
22163	기울이다	Tip or  slant or  incline	C
22168	기원	Origin	C
22176	기원전	B.C.	C
22208	기자	A journalist	B
22239	기적	A miracle	C
22278	기준	A standard or basis	B
22314	기차	A train	A
22349	기초	The foundation	B
22372	기초적	Fundamental or  basic	C
22376	기초하다	Make the basis for sth, to use as a basis	C
22391	기침	Coughing	B
22404	기타	The others or  the rest	C
22405	기타	Guitar	B
22495	기호	Taste or  likes	C
22528	기혼	Married, already married	C
22545	기회	An opportunity	B
22552	기획	Planning	C
22567	기후	Climate or  weather	C
22604	긴급	Emergency	C
22633	긴장	Tension	B
22636	긴장감	Feeling of tension	C
22637	긴장되다	Be under tension	C
22646	긴장하다	To become tense	B
22655	길	Road	A
22662	길가	The roadside	B
22667	길거리	A street	B
22695	길다	To be long	A
22736	길어지다	To become long	C
22747	길이	Length or extent	B
22773	김	Seaweed, laver	B
22774	김	1) Steam 2) scent, aroma	C
22778	김밥	Roll of rice and vegetables	A
22784	김치	Spicy cabbage	A
22785	김치찌개	Spicy cabbage soup	B
22786	김포공항	KimPo Domestic (sometimes international) airport	D
22824	깊다	Deep	B
22825	깊숙이	Deep or  far	C
22830	깊이	Deepness	B
22831	깊이	Depth	B
22878	까다	Peel or husk	C
22883	까닭	Reason	B
22906	까만색	black	B
22910	까맣다	to be black	B
22911	까먹다	Crack or  peel and eat	C
22940	까치	the magpie (a type of bird)	C
22953	깍두기	Sliced white radish kimchee; slang for gangster (cuz of the haircut)	C
22972	깎다	Cut or  trim	A
23002	깔끔하다	Be sleek and smart	C
23004	깔다	to pave (a road), lay down a floor, spread a blanket etc.	C
23013	깔리다	To be spread or  overspread	C
23042	깜빡	With a flash or  twinkle	B
23052	깜짝	With a surprise	B
23064	깡패	gangster, hoodlum	C
23068	깨끗이	Clean or  neatly	B
23079	깨끗하다	To be clean or  pure	A
23082	깨끗해지다	Become clean	C
23083	깨다	Wake up from sleep	B
23084	깨다	Break or  crack	B
23088	깨닫다	to realize sth	C
23089	깨달음	Realization	C
23092	깨뜨리다	To break or  crush	C
23095	깨소금	Powdered sesame mixed with salt	C
23097	깨어나다	Return to consciousness	C
23102	깨어지다	To waken	C
23103	깨우다	To wake up or awaken	C
23111	깨지다	To break	B
23126	꺼내다	To get out or  draw out	B
23139	꺼지다	To go or die out	B
23151	꺾다	Break off or  snap off	C
23167	껌	Gum	B
23175	껍질	Skin or  nutshell	B
23228	꼬리	Tail	C
23265	꼬마	A dwarf	C
23315	꼭	Tightly or  fast	C
23316	꼭	For sure	A
23318	꼭대기	The top	B
23336	꼴	Shape or  form or  appearance	C
23356	꼼꼼하다	very careful or meticulous, doing it in a very detailed manner	C
23363	꼼짝	Cannot move	C
23372	꼽히다	To be elected	C
23390	꽂다	Be stuck in or  insert	C
23396	꽃	Flower	A
23455	꽃씨	Flower seed	C
23482	꽃잎	A petal	B
23510	꽉	Tightly or  fast	C
23538	꽤	Fairly or considerably	B
23579	꾸다	Borrow or  loan	B
23580	꾸다	Dream or  have a dream	C
23587	꾸리다	Pack up or  bundle up (2) to make a living, make money	C
23610	꾸미다	Decorate (2) to plan sth, to dream up a scheme	B
23626	꾸준하다	Be steady or  unflagging	C
23627	꾸준히	Untiringly, ceaselessly	B
23628	꾸중	Scolding, a rebuke	C
23644	꿀	Honey or  nectar	B
23671	꿈	A Dream	A
23677	꿈꾸다	To dream	B
23682	꿈속	In a dream	B
23740	끄다	Put out or  extinguish	A
23744	끄덕이다	Nod	B
23760	끈	A string or  a cord; band, bind, braid, braiding, a cord, line	C
23814	끊기다	To be cut off or  severed	C
23818	끊다	Cut off or  sever	B
23820	끊어지다	To break off or  expire or  be done with	B
23834	끊임없다	To not end	C
23835	끊임없이	Constantly or unceasingly	C
23842	끌다	Pull	B
23846	끌리다	To be drawn or  pulled or  dragged	C
23859	끌어당기다	To draw near	C
23874	끓다	Boil or  simmer	B
23877	끓이다	Boil or  heat or  make hot	B
23888	끝	The end	A
23894	끝나다	To draw to a close or  to end	A
23897	끝내	The end	B
23899	끝내다	To end, to put an end to, to finish	A
23912	끝없다	Endless or  unfathomable	C
23913	끝없이	Boundlessly	C
23952	끼	A meal or  a repast	C
23955	끼다	To put on or wear, to wear (a ring)	B
23956	끼다	To smoke	B
23961	끼어들다	Interrupt	C
23964	끼우다	To put between or  insert	C
24003	나	Me	A
24008	나가다	To advance, proceed, go forward	A
24009	나가다	To go out	A
24033	나누다	To divide	B
24040	나누어지다	To become divided	C
24051	나뉘다	Divide	C
24057	나다	To be born	A
24058	나다	To come out, grow, spring up	B
24074	나들이	Going out, an outing ; making a short visit to sb or somewhere	C
24077	나라	A country	A
24084	나란히	In a line, row	C
24095	나르다	to move a long or semi-long distance (not just within a room); Carry, convey, transport	C
24112	나름	Depending on	C
24122	나머지	The rest, the remainder ; as a result of the excess of, as a result	B
24125	나무	Tree	A
24222	나물	Herbs, wild greens	B
24224	나뭇가지	A tree branch, tree branches	B
24226	나뭇잎	Tree leaves	B
24246	나비	Butterfly	B
24260	나빠지다	To become worse	B
24264	나쁘다	To be bad	A
24299	나서다	Come out, come forth	B
24338	나아가다	Advance, go forward	C
24342	나아지다	Become better, be improved	C
24354	나오다	Come out	A
24369	나이	Age	A
24420	나중	The last, the latter part	A
24446	나침반	A compass	C
24454	나타나다	Come out, appear	B
24456	나타내다	Show, display	B
24510	나흘	Four days	B
24572	낙엽	Fallen dead leaves	B
24653	낚시	Fishing	B
24660	낚시꾼	An angler	C
24668	낚싯대	A fishing rod	C
24714	난리	A war, revolt	C
24730	난방	A heated room	C
24872	날	Day	A
24880	날개	The wings	B
24918	날다	To fly	A
24945	날리다	To send flying	C
24974	날씨	Weather	A
24985	날아가다	To fly away	B
24987	날아다니다	Fly about	C
24988	날아오다	Come flying	B
25028	날짜	Date	A
25054	날카롭다	Sharp	C
25061	낡다	Clear	B
25071	남	A man	B
25072	남	Others, other people	C
25073	남	The south	B
25116	남기다	To leave behind	B
25129	남녀	Man and woman	A
25165	남다	Remain, be left over	B
25171	남대문	Seoul's old south gate	D
25172	남대문시장	Shopping center in seoul	D
25182	남동생	Younger brother	A
25194	남매	Brother and sister	B
25199	남미	South america	D
25216	남부	The south part	C
25246	남북	North and south	C
25259	남산	Mountain in south central seoul	D
25284	남성	Male	B
25443	남자	Boy	A
25523	남쪽	South side	A
25539	남편	Husband	A
25551	남학생	Male student	A
25579	납득하다	To convince, persuade oneself	C
25630	낫다	to get better (from an illness)	B
25631	낫다	Superior	B
25665	낭비	Waste	C
25711	낮	Daytime	A
25719	낮다	Be low	A
25720	낮아지다	Become lower	C
25750	낮추다	Lower, make low	C
25762	낯설다	To be unfamiliar with, to be a stranger to ( a person)	B
25775	낱말	A word	C
25784	낳다	To give birth	B
25788	내	Inside	C
25809	내과	Internal medicine	C
25839	내내	All along, the entire time	B
25842	내년	Next year	A
25846	내놓다	Put out, take out	B
25851	내다	to produce something	A
25852	내다	to see through, to make it through sth	A
25853	내다보다	Look out for	C
25854	내달	Next month	C
25879	내려가다	To go down	A
25880	내려놓다	Set or put down	B
25885	내려다보다	Overlook	B
25890	내려오다	Come down	A
25891	내려지다	To become lower	C
25907	내리다	Descend	A
25956	내밀다	To Push out	B
25970	내버리다	Throw away	C
25974	내보내다	Let out, let go out	C
25979	내부	The inside part/side	C
26072	내쉬다	Exhale	C
26110	내외	Men and woman, husband and wife	C
26111	내외	The interior and exterior	C
26114	내용	Contents	B
26123	내용물	Contents	C
26145	내일	Tomorrow	A
26166	내적	Internal	C
26195	내주다	Take out and give away	C
26201	내지	From A to B, the inclusive contents	B
26269	내후년	The year after next year	C
26274	냄비	A pot	B
26277	냄새	Smell	B
26311	냇물	A stream, brook	C
26345	냉동	Refrigeration	C
26371	냉면	Cold noodles soup	A
26372	냉방	A cold or unheated room	C
26397	냉장고	Freezer	A
26440	너	You	A
26464	너머	Beyond, on the other side	B
26466	너무	Too much	A
26519	너무나	Extremely	B
26543	너희	You guys	B
26546	넉	The fourth	C
26548	넉넉하다	To be enough	C
26582	널리	Widely	C
26605	넓다	Broad	A
26607	넓어지다	Get wider	B
26621	넓히다	Widen	B
26625	넘겨주다	Hand over	C
26629	넘기다	Pass over, send across	C
26631	넘다	Cross or go across	B
26637	넘어가다	Cross or go over	B
26638	넘어뜨리다	Throw down	C
26640	넘어서다	Pass over	B
26643	넘어오다	Fall, come down	C
26644	넘어지다	Fall down, collapse	B
26654	넘치다	Overflow	B
26673	넣다	to put/pour/set/insert/thrust/pack/stuff into; to allow or admit in; to count among; to use (a person) as a mediator	A
26677	네	Yes	A
26678	네	Your	A
26681	네거리	Crossroads	B
26748	넥타이	Necktie	A
26756	넷	4	A
26760	넷째	Fourth	A
26761	넷째	Fourth	A
26764	녀석	Fellow	B
26765	년	Year	A
26768	년대	Year	B
26771	년도	Year	B
26776	년생80	Year of birth	C
26851	노동	Labor, work	C
26891	노동자	Laborer, worker	B
26916	노란색	yellow	A
26926	노랗다	Be yellow	B
26927	노래	Song	A
26935	노래방	singing room	B
26944	노래하다	To sing	A
26947	노랫소리	A singing voice	B
26956	노력	Effort	B
26963	노력하다	To try hard, strive	B
27109	노선	a route (e.g. railway tracks, a road)	C
27203	노인	Old person	B
27280	노트	A note	A
27336	녹다	To melt	C
27365	녹색	Green	B
27413	녹음	Recording	B
27420	녹음하다	To record	B
27428	녹이다	Melt, dissolve	C
27437	녹차	Green tea	B
27447	녹화	writing, recording, taking a picture	C
27452	논	A rice field	C
27465	논리	Logic, an argument, the reasons for making an argument, the logic behind an argument	C
27467	논리적	Logical	C
27471	논문	Dissertations , an academic paper (these are 2 separate meanings)	B
27502	논의하다	Discussion	B
27504	논쟁	Controversy, argument	C
27545	논하다	Argue, discuss,debate	C
27557	놀다	Play, amuse oneself	A
27558	놀라다	Be surprised	A
27567	놀랍다	To be surprising	B
27578	놀리다	Banter, tease (2) to move (3) to manipulate, handle	C
27582	놀이	Play, game	B
27588	놀이터	Playground	B
27592	놈	A fellow	C
27624	농구	Basketball	B
27637	농담	A joke	B
27656	농민	A farmer	C
27669	농부	A farmer	C
27670	농사	Farming	B
27674	농사일	Farming	C
27675	농사짓다	To do farming	C
27676	농산물	Agricultural products	C
27696	농업	Agriculture	B
27716	농장	A farm, plantation	C
27727	농촌	A farm village	B
27755	높다	High	A
27757	높아지다	Become high	B
27763	높이	High, aloft (adverb)	B
27764	높이	Height (noun)	B
27765	높이다	Raise, elevate, to make an amount bigger	B
27773	놓다	Put, place	A
27775	놓아두다	Leave as it is, let it be	C
27783	놓이다	Be put on sth else (2) to become peaceful	B
27784	놓치다	Miss, let slip	B
27788	놔두다	Leave as it is, let it be	C
27789	뇌	Brains	C
27903	누구	Who	A
27931	누나	Older sister	A
27970	누르다	Press or push down; muffle, quash, restrain, tame	B
28058	눈	Eyes	A
28059	눈	Snow	A
28070	눈가	The eye rims	C
28074	눈감다	Close the eyes	C
28094	눈길	Line of vision	C
28119	눈동자	The pupil	C
28124	눈뜨다	Open one's eyes	C
28134	눈물	A tear	A
28164	눈병	an eye disease	C
28170	눈부시다	To be dazzling	C
28172	눈빛	The glitter of one's eyes	B
28188	눈썹	The eyebrow	B
28195	눈앞	Before one's eyes	B
28320	눕다	Lie down	B
28346	뉴스	News	A
28367	뉴욕	New york	B
28410	느껴지다	Feel	B
28415	느끼다	To feel	B
28420	느낌	Touch, feel	B
28444	느리다	Be slow, tardy	B
28466	늑대	Wolf	C
28481	늘	Always	B
28487	늘다	Increase, gain	B
28489	늘리다	Increase, multiply	B
28494	늘어나다	Grow longer	B
28496	늘어놓다	(1) Scatter about haphazardly ; (2) 으로 늘어놓다  to arrange, place in order	C
28500	늘어서다	Stand in a row	C
28501	늘어지다	Be lengthened	C
28518	늙다	Grow old	B
28541	능동적	Activity ; voluntary, of its own nature (opp.  수동적)	C
28548	능력	Ability, capability, how much and how well	B
28600	늦가을	Late autumn	C
28602	늦다	To be late (time), to be overdue	A
28607	늦어지다	To become late	C
28702	다	All, everything	A
28718	다가가다	To get near to	B
28721	다가서다	Step up, go near to, come closer	C
28722	다가오다	Approach	B
28764	다녀가다	Drop in for a short visit	B
28765	다녀오다	Drop in for a short visit	A
28772	다니다	Go to and from a aplace	A
28805	다듬다	to trim, to shave	C
28838	다루다	Treat, deal with	C
28843	다르다	Be different	A
28881	다름없다	Be similar, not different	C
28883	다리	Bridge	A
28884	다리	Leg	A
28937	다만	Only, merely	C
28966	다방	Tea room	C
29003	다섯	5	A
29019	다섯째	Fifth	A
29022	다소	1) Large and small, 2) more or less	C
29025	다수	A great number, a plurality	B
29036	다시	Again	A
29352	다양성	Variety	C
29358	다양하다	To be various, diverse	B
29359	다양해지다	To be various	C
29410	다음	Next	A
29469	다이어트	Diet	B
29506	다정하다	To be affectionate, warm-hearted	C
29529	다지다	Make sure, to harden oneself, firm up one`s will	C
29536	다짐하다	Pledge, vow, swear	C
29551	다치다	To hurt	B
29568	다투다	Quarrel	C
29576	다툼	A quarrel	C
29587	다하다	Finish, go through, be exhausted, run out of	B
29595	다행	Good luck	C
29597	다행히	Fortunately	B
29622	닥치다	(1) to approach (2) Shut the mouth!	C
29626	닦다	Wipe clean, polish	A
29639	단	Only one, alone	B
29640	단	A grade or class	C
29673	단계	A step, phase	C
29678	단골	Custom, connection	C
29734	단단하다	Be hard, solid	C
29749	단독	Independence	C
29789	단맛	A sweet taste	B
29886	단순	Simplicity	C
29889	단순하다	Be simple-minded, rather undeveloped	B
29892	단순히	Simply	B
29925	단어	Word	A
29953	단위	A unit of measure, a measured unit, a monad	C
30004	단점	A weak point	B
30047	단지	A public apt complex	B
30048	단지	Simple, merely	B
30058	단체	A corps, a group	B
30076	단추	A button	C
30120	단편	A piece, fragment	C
30142	단풍	Fall foliage	C
30169	닫다	To close	A
30177	닫히다	To shut, be closed	B
30179	달	a month	A
30180	달	The moon	A
30211	달걀	An egg	B
30250	달다	to attach, fix	B
30251	달다	To hang	C
30252	달다	to be sweet	A
30264	달라지다	To change, vary	B
30277	달래다	to calm down	C
30283	달러	Dollar	A
30296	달려가다	to run, rush, dash forward	B
30297	달려들다	Run, rush, jump at	C
30304	달려오다	Come running	B
30305	달력	A calendar	A
30315	달리	Differently	C
30319	달리기	A run, a spin	C
30321	달리다	run, make do fast	B
30322	달리다	Hang, be supsended	B
30337	달빛	Moonlight	B
30349	달아나다	To escape, flee	B
30391	닭	Chicken	A
30396	닭고기	Chicken meat for eating	A
30409	닮다	Resemble	B
30432	담	A wall, fence	C
30443	담그다	Soak in water	B
30447	담기다	to fill; to put in; to serve; to bottle (food); to include or comprise	B
30452	담다	to fill; to put in; to serve; to bottle (food); to include or comprise; to use (foul language)	B
30455	담당	charge, undertaking	C
30461	담당자	Person in charge	C
30463	담당하다	To take charge of	B
30470	담배	Tobacco	A
30525	담요	A blanket	B
30532	담임	Charge, duty	B
30571	답	Answer	C
30575	답답하다	Feel anxious	B
30587	답변	An answer	C
30601	답장	An answer	B
30605	답하다	Answer, reply	B
30609	닷새	Five days	B
30631	당근	A carrot	B
30636	당기다	to Pull ; to be attractive, to pull one`s attention	B
30665	당당하다	1) fiarly (2) in a splendid way	C
30705	당분간	For the present	C
30739	당시	At that time	C
30740	당신	Formal you	B
30754	당연하다	Be natural, be no wonder	B
30757	당연히	Of course	B
30779	당장	On the spot, immediately, right now	B
30839	당하다	Have, encounter	C
30867	당황하다	Be confused	B
30876	닿다	To reach, get to	B
30877	대	One piece, counter for cigarettes/buses/vehicles	C
30878	대	a stem, stalk	C
30879	대	era, period	C
30880	대	1) Versus 2) a pair, counterpart	B
30895	대가	A price, cost, charge, consideration, purchase money, value	C
30918	대강	General principles	C
30931	대개	Mostly, for the most part	C
30987	대구	Daegu city	B
31008	대규모	On  a large scale	C
31023	대기	The atmosphere	C
31047	대기업	Big enterprise	B
31063	대기하다	Be ready for the opportunity	C
31073	대낮	Broad daylight	C
31094	대다	Put, place up to (대다 also means speak in slang, or to repeat an action)	C
31096	대다수	A large majority	C
31102	대단하다	Considerable, grand	B
31104	대단히	Extremely	B
31116	대답	An answer	A
31121	대답하다	To answer, reply	A
31135	대도시	Large city	B
31167	대략	an outline, summary (2) generally, on the whole	C
31170	대량	A large quantity	C
31181	대로	Like, according to	C
31197	대륙	A continent	C
31337	대문	A big gate	B
31409	대부분	Most	B
31423	대비	Provision, preparation	C
31428	대비하다	Provide for, prepare onself for	C
31429	대사	an ambassador	C
31432	대사	Speech, dialogue	C
31440	대사관	Embassy	A
31584	대신	Instead of	B
31586	대신하다	Relieve, replace another	C
31627	대여섯	About five or six	C
31731	대응	A response, a reaction	C
31739	대응하다	Cope or correspond to	C
31789	대장	A seal, a stamp	C
31813	대전	Daejon city	B
31825	대접	Treatment	C
31833	대접하다	Treatment	C
31880	대중	The masses	B
31897	대중교통	Mass transportation	B
31901	대중문화	Pop culture	B
31921	대중적	Of the masses	C
31958	대책	Countermeasure	C
31964	대처하다	Disposal, treatment	C
31976	대체	An outline, summary	C
31978	대체로	Generally, on the whole, for the most part	C
31993	대출	Lending	C
32004	대충	Almost, nearly, about	C
32052	대통령	The president	B
32089	대표	Representative	B
32103	대표적	Representative	B
32115	대표하다	Represent	C
32128	대하다	Face, confront	B
32131	대학	University	A
32169	대학교	University	A
32170	대학교수	University professor	B
32177	대학생	University student	A
32180	대학원	Graduate school	B
32203	대합실	A waiting room	C
32251	대형	Large, full-sized	C
32300	대화	Conversation	A
32315	대화하다	To converse	B
32326	대회	A great meeting	B
32341	댁	You and your family	A
32351	댐	dam	C
32363	더	More	A
32414	더러워지다	Get dirty	C
32419	더럽다	Foul, dirty	B
32442	더불다	Join in, do together	C
32478	더욱	More and more	C
32486	더욱더	More and more and more	C
32487	더욱이	Besides, moreover	C
32492	더위	The heat	B
32502	더하다	Get worse	B
32514	덕	Virtue, morality	C
32520	덕분	Indebtedness	B
32557	던지다	To throw	B
32560	덜	Less, incompletely	B
32576	덜다	Save, lighten	C
32637	덥다	Be hot, heated	A
32660	덧붙이다	Add a thing, append	C
32707	덩어리	A lump, a cluster	C
32746	덮다	To cover, veil	B
32766	덮이다	Be covered, to be covered	C
32769	데	Place, point, instance ; 하는 과정 도중에 says what happens during the course of performing another event, making it different from simply 것	B
32777	데려가다	Take with	B
32778	데려오다	Go with	B
32781	데리다	Be accompanied by	B
32817	데우다	to warm, to heat up	C
32832	데이트	Date	C
32893	도	Degrees (temperature)	C
32894	도	Road	C
32923	도구	Tool, instrument	B
32981	도달하다	Arrival	C
32985	도대체	In the world, on earth	C
32988	도덕	Immorality	C
33032	도둑	A thief, a burglar	B
33080	도로	A road, way	B
33081	도로	Back, same as ever, same as it was before	B
33124	도리어	On the contrary	C
33132	도마	A chopping board	C
33139	도망	Escape	C
33141	도망가다	Make a go for it, escape	B
33145	도망치다	To make an escape	C
33278	도서관	Library	A
33330	도시	City	A
33371	도시락	Lunchbox lunch	B
33412	도심	The heart of the city	C
33444	도와주다	To help	A
33456	도움	Help	B
33459	도움말	Helping words	C
33489	도입	introduction, invitation	C
33495	도자기	Porcelain	B
33511	도저히	(도저히 + negative (지 않다/없다))Absolutely impossible ; by all means	C
33514	도전	Challenge, defiance	C
33545	도중	On the way	B
33561	도착	Arrival	A
33567	도착하다	To arrive	A
33601	동경	Tokyo	B
33716	독감	Influenza	C
33748	독립	Independence	C
33796	독립하다	To become independent	C
33843	독서	Reading	B
33933	독일	Germany	A
33973	독일어	German	B
34042	독창적	Original	C
34056	독특하다	Unique, characteristic, distinctive, peculiar, specific	C
34059	독하다	Be poison	C
34069	돈	Money	A
34372	동	the same	C
34461	동그랗다	To be circular	C
35165	동화책	A fairy tale	C
35246	되돌아보다	To look back on	C
35626	두세	Two or three (months)	B
35635	두어	About two, a couple	C
35956	뒷모습	The features of the back side	C
35978	뒷산	a mountain or hill in the back of one's house or town	B
36201	들다	Means continuing the main verb's action ; to enter/go into ; to hold, to carry	B
36219	들려오다	To echo (sound)	B
36345	듯	To be like something	C
36346	듯싶다	To be like something, i guess	C
36852	따스하다	to Feel warm, to be warm	C
36934	딸아이	Daughter	C
36981	땅속	In the soil	C
37073	떠나오다	미국으로부터 to come back from the US	C
38815	마구	continuously, without pause	B
38860	마누라	one's wife	C
38862	마늘	Garlic	B
38887	마당	An instance, case	C
38888	마당	a garden; a center/place for sth	C
38901	마디	A word, a tune, a song,  a paragraph	C
38907	마땅하다	Be right, approppriate	C
38915	마라톤	Marathon	C
38930	마련	planning, making arrangements ; provisions, preparations	C
38931	마련되다	To be planned and arranged	B
38932	마련하다	To plan, arrange	B
38938	마루	A wooden floor, floor, flooring	B
38955	마르다	Become dry	B
38989	마리	Number of animals	A
39024	마무리	Finish, completion	C
39077	마사지	Massage	B
39146	마시다	To drink	A
39157	마약	A drug	C
39166	마요네즈	Mayonnaise	C
39174	마을	Town	B
39176	마음	Heart	A
39191	마음가짐	Mental attitude	C
39193	마음껏	As much as you want	C
39202	마음대로	As you wish	B
39215	마음먹다	Be determined to	C
39219	마음속	Deep in one's heart	B
39228	마음씨	Disposition, nature	C
39355	마이크	Mike, microphone	C
39431	마주	Face to face	B
39444	마주치다	Collide with	C
39445	마중	Meeting, reception	B
39452	마지막	Last, final	A
39494	마찬가지	The same	B
39497	마찰	Rubbing, chafing	C
39554	마치	As though, as if	B
39556	마치다	Finish, complete	B
39557	마침	Just, exactly	B
39559	마침내	Finally, in the end	B
39582	마크	a company logo	C
39622	마흔	Forty (years old)	A
39625	막	Carelessly, at random ; (2) at exactly that time	B
39626	막	Just now	B
39633	막걸리	A slightly bitter soju drink	C
39640	막내	The lastborn	B
39646	막다	stop, obstruct	B
39673	막상	Really, actually	C
39695	막히다	to be stopped up	B
39698	만	Just, full	B
39699	만	As many as, full, complete	C
39700	만	To be of sufficient quantity	C
39701	만	10000	A
39702	만	10000	A
39755	만나다	Meet	A
39763	만남	A meeting	B
39788	만두	Chinese dumplings	B
39792	만들다	To make	A
39798	만들어지다	Make, create	B
39819	만만하다	Be soft, tender ; to be easy to handle, deal with	C
39874	만세	10,000 years	C
39888	만약	If	B
39915	만일	If, suppose	B
39939	만점	Perfect score	C
39956	만족	Satisfaction	C
39964	만족스럽다	Satisfied	C
39976	만족하다	To be content	B
39993	만지다	To touch	B
40010	만큼	Of that amount	B
40019	만하다	Be of the extent of	C
40024	만화	Cartoons	B
40028	만화가	Cartoon artist	C
40049	많다	many,much	A
40050	많아지다	Become a lot	B
40067	많이	A lot	A
40084	말	Horse	B
40085	말	End	B
40086	말	words,speaking	A
40135	말기	The end, final period	C
40146	말다	Roll up, convolve	C
40147	말다	Cease	A
40254	말리다	Make stop	C
40255	말리다	Dry sth	C
40330	말씀	Speech	A
40331	말씀드리다	Speak (honor.)	B
40332	말씀하다	Speak	A
40350	말없이	At a loss for words	C
40465	말투	One's way of talking	C
40469	말하다	Speak	A
40484	맑다	clean,pure	A
40487	맘	Heart	C
40488	맘대로	As you want	C
40492	맛	Flavor	A
40504	맛보다	Taste	C
40511	맛없다	Bad flavor	A
40529	맛있다	Delicious	A
40595	망설이다	to hesitate	C
40621	망원경	Telescope	C
40652	망치다	Ruin	C
40665	망하다	Go to ruin	C
40677	맞다	receive,welcome (note, usually this is 맞히다)	B
40678	맞다	Be struck,beaten	B
40679	맞다	Be right, correct; to match, be fitting for	B
40716	맞서다	Stand opposite	B
40724	맞은편	the other side, the opposite side	B
40726	맞이하다	Go to greet,  to welcome as a member of the family	C
40734	맞추다	Adjust, adapt	B
40744	맡기다	Entrust sb with sth	B
40746	맡다	Smell	C
40747	맡다	Take charge of	B
40753	매	whip,rod,cane	C
40795	매너	Manner	C
40798	매년	Every year	B
40807	매다	Tie	B
40812	매달	Every month	C
40813	매달다	Bind up, hang:  묶어서 드리우거나 걸다.	C
40819	매달리다	Be suspended, to be hanging down (from) ; to stick to a job, to persevere with just one thing	C
40844	매력	fascination,charm, bewitchery	B
40905	매번	Every time	C
40957	매스컴	Mass communication	C
40980	매우	Very	A
41027	매일	Every day	A
41039	매장	A store, shop	C
41070	매주	Every week	C
41087	매체	A medium,medias	C
41200	맥주	Beer	A
41217	맨	bare,naked	B
41266	맵다	Spicy	A
41338	맺다	form,tie	C
41355	머리	Head	A
41428	머리말	A preface	C
41443	머리카락	Headhair, hair on the head	B
41444	머리칼	Hair	C
41458	머릿속	Inside one's head	B
41462	머무르다	Stay overnight	B
41465	머물다	Stay overnight	C
41496	먹고살다	Make one's living	C
41505	먹다	Go deaf	C
41506	먹다	Eat, chow down on	A
41507	먹다	VST + 먹다 , adds no meaning	A
41528	먹이	Food	C
41531	먹이다	support,feed	B
41546	먹히다	to be eaten,swallowed	B
41555	먼저	First	A
41560	먼지	Dust	B
41584	멀다	To be far	A
41586	멀리	Far away	B
41616	멀어지다	Become distant to	B
41624	멈추다	Stop	B
41634	멋	Smartness	B
41667	멋있다	stylish,tasteful	B
41680	멋지다	Be splendid	C
41693	멍멍	A bruise	C
41717	멎다	Stop	C
41747	메뉴	Menu	A
41750	메다	Put on one's shoulder	B
41789	메모	Memo	B
41818	메시지	Message	B
41838	메우다	To carry,attach;put on	C
41858	메일	Mail	B
41985	며느리	Daughter-in-law	B
41987	며칠	for how many days	A
41994	면	Subdivision of a county	C
41995	면	Side	C
41996	면	Cotton	C
42003	면담	An interview	C
42106	면적	area,dimensions	C
42112	면접	Interview	C
42162	면하다	escape,avoid	C
42214	멸치	Anchovy	C
42217	명	Person counter	A
42242	명단	List of names	C
42253	명령	An order,command	B
42258	명령어	directive	C
42395	명예	Honor	C
42409	명의	name,title	C
42423	명절	Festival days	B
42450	명칭	A name,title	C
42462	명함	Name card	B
42469	명확하다	clear,precise	C
42471	몇	A few	A
42482	몇몇	Several	B
42485	몇십	In the tens	B
42489	모	A certain person, mr. Jones	C
42510	모금	Money raising	C
42512	모기	A mosquito	B
42540	모니터	Monitor	B
42548	모델	Model	B
42559	모두	everything	A
42560	모두	Everybody	A
42565	모든	Every one	A
42573	모래	Sand	B
42598	모레	The day after tomorrow	B
42610	모르다	To not know	A
42649	모범	a model, an example ; a prototype	C
42672	모색하다	to feel for sth as if in the dark, using the hands	C
42706	모습	shape,body	B
42708	모시다	Attend on	B
42715	모양	signs,indications	B
42716	모양	A shape, form	B
42720	모여들다	gather,flock	C
42735	모으다	gather,get together	B
42754	모이다	Meet, assemble	B
42758	모임	A group, a party	B
42759	모자	A hat	A
42767	모자라다	To be insufficient	B
42784	모조리	One and all, wholly, without exception	C
42802	모집	Collection	C
42805	모집하다	Call/appeal for	C
42808	모처럼	At long last	C
42823	모퉁이	Corner	C
42861	목	The neck; the throat	A
42880	목걸이	Necklace	B
42926	목록	Catalogue	C
42960	목사	A pastor	B
42987	목소리	Voice	B
43006	목숨	Life	C
43027	목요일	Thursday	A
43030	목욕	A bath	A
43041	목욕탕	A bathhouse	B
43103	목적	goal,purpose	B
43189	목표	goal,object	B
43244	몰다	Drive ; to chase or urge on	B
43268	몰래	secretly,quietly	B
43283	몰려들다	Be driven into as a group	C
43284	몰려오다	Come in crowds	C
43354	몸	body,physique	A
43369	몸매	one's figure	C
43373	몸무게	Body weight	B
43379	몸살	Flu aches and pains	B
43383	몸속	In one's body	C
43442	몸짓	A gesture	C
43459	몸통	The trunk,body	C
43463	몹시	Extremely	B
43535	못	A nail	C
43536	못	Cannot	A
43560	못되다	To go wrong	C
43591	못생기다	Ugly	C
43610	못지않다	Be just as good as	C
43614	못하다	Be inferior, worse than	C
43615	못하다	Be impossible	A
43695	묘사	Description (via a picture or words)	C
43697	묘사하다	To describe (via a picture or words)	C
43727	무	Radish	B
43729	무	nothing,nil	C
43763	무겁다	Heavy ; a stuffy atmosphere	A
43764	무게	Weight	B
43810	무관심	Indifference, unconcern	C
43813	무관심하다	Be indifferent to	C
43832	무궁화	The rose of Sharon	C
43852	무기	Weapon	C
43885	무너지다	Collapse	C
43911	무늬	Pattern	B
43933	무대	Stage	C
43980	무더위	High humidity	B
43983	무덤	A grave,tomb	C
43990	무덥다	sultry,sweltering	C
44032	무려	As many as, no less than, some number greater than expectations	C
44060	무렵	The time when	B
44067	무료	Free	C
44085	무릎	A knee	B
44113	무리	A company, a band	C
44114	무리	Be unreasonable, to not make any sense, to create more problems than it solves; impossible, unreasonable	C
44121	무리하다	Be impossible	C
44218	무사하다	Be safe, peaceful	C
44273	무섭다	fearful,dreadful	B
44330	무슨	What, what kind of	A
44342	무시하다	disregard,ignore ; to be defiant and fail to observe	B
44391	무어	What?  무엇	B
44410	무엇	That thing,whatever	A
44432	무역	Trade	B
44476	무용	dancing,a dance	B
44478	무용가	Dancer	C
44525	무의미하다	Be nonsense	C
44636	무조건	Unconditional	B
44673	무지개	A rainbow	C
44711	무책임하다	Not responsible	C
44713	무척	Extremely	B
44842	묵다	Get old	C
44843	묵다	Stay overnight s.w.	C
44891	묶다	to bind,tie	B
44894	묶이다	Be fastened together	C
44896	문	Door	A
44913	문구	passage,paragraph	C
44930	문득	Suddenly	C
44963	문밖	Outside the door	C
44972	문법	Grammar	C
44992	문서	A document	C
45034	문자	letters,character	C
45042	문장	writing,composition	B
45061	문제	question,problem	A
45063	문제되다	Become a problem	C
45072	문제점	The point at issue	B
45121	문학	Literature	B
45139	문학적	Literary	C
45154	문화	culture	B
45181	문화재	Cultural assets	C
45183	문화적	Cultural	C
45192	묻다	to Stain	B
45193	묻다	to Bury	C
45194	묻다	to Ask	A
45196	묻히다	Have smeared,be covered with	C
45197	묻히다	Get buried, to be buried (passive of 묻다)	C
45200	물	Water	A
45213	물가	Prices of products	C
45246	물건	A thing	A
45257	물결	A wave	C
45268	물고기	Fish	B
45302	물기	Moisture	C
45318	물다	bite,put in the mouth	B
45339	물러나다	Fall back, to pull back, to pull back your position	C
45355	물론	Of course	A
45379	물리학	Physics	C
45453	물속	Inside the water	B
45482	물어보다	Ask	A
45523	물음	A question	B
45556	물질	matter,material	C
45564	물질적	corporeal, material, physical	C
45574	물체	A material body (maybe, a living organism)	C
45626	뭐	Huh? (2) something	A
45627	뭐	Huh? (2) something	A
45631	뭘	What (implicit directobject)?	C
45632	뭣	What (thing)?	C
45644	미	beauty,grace	C
45710	미국	America	D
45898	미끄러지다	Slippery	C
45913	미끄럽다	To be slippery	C
45967	미니	Mini	C
46016	미디어	Media	B
46023	미래	Future	B
46065	미루다	Postpone ; (2) to guess, infer and make an educated guess	C
46072	미리	Beforehand	B
46136	미만	under,below ; less than	C
46194	미사일	Missile	C
46220	미소	smile	B
46251	미술	art,the fine arts	B
46261	미술관	Fine arts museum	B
46289	미스	Miss	C
46328	미안하다	To be sorry	A
46339	미역	Brown seaweed	C
46370	미용실	Beauty salon	C
46382	미움	Hatred	C
46384	미워하다	Dislike	B
46397	미인	A beautiful girl	B
46463	미처	To that extent	C
46483	미치다	Be crazy	B
46484	미치다	To reach	B
46500	미터	Meter	A
46514	미팅	Meeting	B
46540	미혼	Unmarried	C
46565	민간	civil, private	C
46636	민속	Folk-customs	C
46682	민족	race,nation,people	B
46734	민주	Democracy	C
46747	민주주의	Democracy	C
46753	민주화	Democratization	C
46799	믿다	Believe	B
46803	믿어지다	Become believable	C
46810	믿음	Belief	B
46826	밀가루	Flour	B
46848	밀다	to push,shove (passive is 밀리다)	B
46884	밀리다	to be left undone, to be late in making a payment (to fall into arrears)	C
46886	밀리미터	Millimeter	B
46966	밀접하다	Be close,intimate with	C
47028	밉다	Be detestable	B
47035	및	As well as	B
47036	밑	The bottom	A
47042	밑바닥	The bottom,base	C
47066	바	Bar	C
47067	바	A thing, what	C
47068	바가지	overcharging for the price, being ripped off	C
47072	바구니	Basket	C
47083	바깥	Outside	B
47090	바깥쪽	The outside	C
47101	바꾸다	change,exchange	A
47136	바뀌다	Be changed, to have changed into	B
47137	바나나	Banana	A
47149	바늘	A needle, pin	B
47174	바다	Sea	A
47225	바닥	Floor	B
47237	바닷가	The beach	B
47244	바닷물	Sea water	B
47272	바라다	Wish, hope	B
47278	바라보다	Look at, watch ; to look forward to, hope for	B
47285	바람	A wish, hope	C
47286	바람	Wind	A
47287	바람	As a result,by the influence of	A
47338	바람직하다	Be desirable, advisable, to be appropriate, good	C
47354	바로	Right, correctly	A
47373	바로잡다	Straighten	C
47393	바르다	Spread, apply	B
47394	바르다	Be straight; be honest	B
47435	바보	Ignorant	B
47457	바쁘다	Busy	A
47481	바싹	Completely	C
47503	바위	A rock, a crag	B
47524	바이러스	Virus	C
47549	바이올린	Violin	B
47571	바지	Pants	A
47589	바치다	Give, offer	C
47602	바퀴	Wheel	C
47603	바퀴	Cockroach	C
47633	바탕	Natural disposition ; to go all out in a fight, 아주 크게 싸우다 ; the background	C
47654	박	Staying the night	C
47667	박다	Drive,hammer in	C
47693	박물관	Museum	A
47709	박사	a doctor, a ph.D	B
47715	박수	Applause	B
47723	박스	Box	B
47795	박히다	Be nailed in	C
47796	밖	The outside	A
47802	반	Half	A
47803	반	Group, company, party	A
47848	반갑다	Be happy	A
47898	반기다	Rejoice, be glad of	C
47923	반대	Opposite and being opposed to (objecting to)	B
47968	반대편	The opposite side	C
47969	반대하다	Be opposed to	B
48008	반드시	Most certainly	B
48043	반말	Crude language	C
48047	반면	One side	C
48092	반발	Repulsion, a backlash	C
48118	반복되다	To be repeated	C
48131	반복하다	To repeat	B
48207	반성	Reflection	C
48215	반성하다	Examine oneself	C
48301	반영하다	Reflect, be reflected	C
48340	반응	Reaction	C
48409	반장	Squad leader	B
48453	반죽	Kneading; dough	C
48464	반지	Ring	B
48473	반짝거리다	Twinkle-twinkle (stars)	C
48479	반짝이다	Shine, glitter	C
48484	반찬	side dishes	B
48541	반하다	To be contrary to	B
48592	받다	Receive	A
48609	받아들이다	to accept as one`s own	B
48635	받침	Support, prop	B
48649	발	Foot	A
48664	발가락	A toe	B
48682	발걸음	Gait, step	C
48687	발견	Discovery	B
48689	발견되다	Be discovered	B
48703	발견하다	To discover	B
48750	발길	A kick; walking pace, steps	C
48757	발끝	On tiptoes	C
48764	발달	Development, growth (of the body, mind, intellect)	B
48765	발달되다	to be developed	C
48770	발달하다	To advance	B
48787	발등	The instep of the foot	B
48798	발레	Ballet	C
48841	발목	Ankle	B
48852	발바닥	The sole of the foot	C
48914	발생	1) Birth 2) development	B
48927	발생하다	Originate, come from	B
49021	발음	Pronunciation	A
49031	발음하다	Pronounce	B
49051	발자국	Footprint	C
49065	발전	Generate electricity	C
49066	발전	Development	B
49071	발전되다	Be advanced, prospering	C
49082	발전하다	To develop, grow	B
49129	발톱	A toenail	C
49164	발표	Announcement	B
49165	발표되다	Be announced	C
49171	발표하다	To announce	B
49235	발휘하다	Display, exhibit	C
49239	밝다	To be bright	B
49240	밝다	To be promising	A
49241	밝아지다	Become bright	C
49243	밝혀내다	To find out	C
49246	밝히다	To light up	B
49251	밟다	(1) Step on (2) to go through the steps of a process	B
49259	밤	Chestnut	B
49260	밤	Night	A
49269	밤낮	Night and day, always	B
49274	밤늦다	It is late at night	B
49285	밤새	All night	C
49287	밤새다	To stay up all night	B
49290	밤새우다	Sit up all night	C
49291	밤색	chestnut color, maroon, brown	C
49303	밤중	Midnight	B
49306	밤하늘	Night sky	C
49307	밥	Rice, a meal	A
49310	밥그릇	A rice bown	B
49311	밥맛	Appetite	B
49314	밥상	Dinner table	C
49315	밥솥	Pressure cooker for rice	B
49340	방	A room	A
49366	방금	Just now	B
49402	방면	Direction	C
49414	방문	A door of a room	B
49415	방문	A visit	B
49421	방문하다	To visit	B
49427	방바닥	the floor of a room	C
49436	방법	Way, method	B
49508	방송	Broadcast	B
49515	방송국	Broadcasting station	B
49522	방송사	Broadcasting company	C
49535	방송하다	Broadcast	C
49554	방식	A form, method, process	C
49569	방안	A plan, a scheme	C
49601	방울	A drop	C
49602	방울	A bell	C
49677	방지	Prevention, checking, stopping sth from happening	C
49679	방지하다	To prevent, check, stop from happening	C
49751	방학	School holidays	A
49758	방해	An obstacle, hindrance	C
49773	방해하다	Interrupt, interfere	C
49775	방향	Direction	B
49814	밭	A field, farm	B
49819	배	Pear	A
49820	배	Abdomen	A
49821	배	Times, x-fold	C
49822	배	A boat (boating)	A
49864	배경	Background	B
49875	배고프다	To be hungry	A
49887	배구	Volleyball	B
49913	배꼽	The navel	B
49928	배다	Soak into	C
49933	배달	Delivery	B
49969	배드민턴	Badminton	B
50016	배부르다	To be full	A
50171	배우	Actor	B
50175	배우다	To learn	A
50180	배우자	A mate, life partner	C
50249	배추	Chinese cabbage	B
50250	배추김치	Pickled cabbage	C
50272	배치	Arrangement, set up	C
50323	백	Hundreds of	A
50324	백	One hundred	A
50371	백두산	Korean mountain	D
50450	백색	White	C
50472	백성	The common people	C
50546	백인	Caucasian	C
50585	백제	Historical Korean government	D
50670	백화점	Department store	A
50687	뱀	Snake	B
50741	뱃사람	A seaman, sailor	C
50760	뱉다	Spit	C
50800	버려지다	Take away, throw away to somewhere	C
50802	버릇	Habit	B
50807	버리다	Throw away	B
50808	버리다	(following a verb) the verb`s action is over, perhaps in a sad way	A
50830	버섯	Mushroom	B
50835	버스	bus	A
50873	버터	Butter	B
50892	버튼	Button	B
50897	버티다	Endure, tolerate	C
50916	번	Number, how many times	A
50924	번개	Lightning	C
50935	번거롭다	Be troublesome.  할 일이 많아서 아주 바쁘다. annoying and difficult to discern correctly	C
50985	번역	Translation	B
51003	번역하다	To translate	C
51013	번지	Area of land	C
51021	번째	How many times	B
51051	번호	A number	A
51061	벌	A bee	C
51062	벌	Set (of clothes)	C
51063	벌	Punishment	C
51067	벌금	A fine	C
51073	벌다	To earn (money) ; (2) to invite, to bring onto oneself	B
51074	벌떡	Suddenly, abruptly	C
51075	벌레	A bug	B
51078	벌리다	Open, wide (e.g. opening the knees and spreading the legs)	B
51087	벌써	Already	A
51089	벌어지다	Widen, get wider	C
51090	벌어지다	To get serious, enlarge	B
51093	벌이다	(1) to plan to start a job/project (2) to play a table game	B
51166	범위	Range, area	C
51172	범인	A criminal	C
51186	범죄	A crime	C
51221	법	A way, a method	B
51222	법	A law, the law	B
51250	법률	A law, statute	C
51317	법원	Court of justice	C
51350	법적	Legal	C
51403	법칙	A law, a rule; 지켜야 할 규칙	C
51421	벗기다	Unclothe, undress	B
51423	벗다	Take off, remove	A
51451	베개	A pillow	B
51480	베다	Cut, chop	C
51561	북경	Beijing, Peking	D
51617	벤치	Bench	C
51646	벨트	Belt	B
51663	벼	A rice plant	C
51687	벽	A wall	B
51785	변경	Change, alteration	C
51802	변동	Change, flucutation	C
51830	변명	Explanation, vindication	C
51894	변신	Disguise, transformation	C
51983	변하다	Change	B
52002	변호사	Lawyer	B
52020	변화	Change, transformation	B
52023	변화되다	To be changed	C
52032	변화하다	To change,vary	B
52041	별	Classified by	B
52042	별	A star	A
52070	별다르다	Be of a peculiar kind	C
52073	별도	something separate, something apart (별도의)	C
52079	별로	Especially, particularly; not really + neg.	B
52082	별명	nickname,alias	C
52113	별일	A particular thing	C
52140	병	Sickness	A
52141	병	A bottle	A
52174	병들다	Get sick	B
52236	병실	An infirmary	C
52241	병아리	Chick, baby chicken	C
52268	병원	Hospital	A
52389	보고	report,information	B
52397	보고서	Report	B
52401	보고하다	Report to a person	C
52406	보관	custody,deposit	C
52418	보관하다	Keep in one's custody	B
52459	보내다	Send	A
52460	보내오다	받다 receive	C
52464	보너스	Bonus	C
52471	보다	More than, greater than ....	A
52472	보다	To try	A
52473	보다	To see	A
52539	보도	news, a report	C
52542	보도되다	To be reported	C
52547	보도하다	To report,inform	C
52568	보라색	purple	C
52570	보람	worth,result	B
52594	보름	15days,the 15th day	C
52597	보리	Barley	C
52662	보살피다	Take care of	C
52665	보상	Compensation	C
52717	보수	mending,repair, maintainance	C
52718	보수	Conservation	C
52724	보수적	Conservative	C
52759	보안	Preservation of the public peace	C
52784	보완하다	to compensate for (a defect) and make complete, to complement sth	C
52822	보이다	see,catch sight of	B
52823	보이다	show,let see	B
52841	보자기	A diver	C
52853	보장	guarantee,security	C
52855	보장되다	to be secured	C
52857	보장하다	To secure,guarantee	C
52858	보전	ingegrity,preservation	C
52864	보조	assistance,aid	C
52905	보존	Preservation	C
52911	보존하다	to preserve, conserve	C
52969	보충하다	to replenish,replace,fillup	C
52982	보통	Usually	B
52983	보통	The normal	A
53062	보편적	Universal	C
53091	보험	guarantee,insurance	B
53135	보호	protection,shelter	B
53153	보호되다	To be protected	C
53182	보호하다	protect,shelter,guard	C
53191	복	luck,happiness	C
53231	복도	A corridor	B
53269	복사	Reproduction	B
53275	복사기	Memeograph	C
53299	복사하다	reproduce,copy	B
53331	복숭아	Peach	C
53338	복습	Reviewing	B
53339	복습하다	To review	B
53408	복잡하다	Be complicated	A
53485	볶다	fry,roast	B
53488	볶음	Roasted sth	C
53489	볶음밥	Frizzled rice	B
53490	본	An example	C
53502	본격적	Exemplary	C
53534	본래	originally,primarily	B
53566	본부	The headquarters	C
53570	본사	Main office	C
53579	본성	Original nature or character	C
53604	본인	the person in question, the related individual	C
53620	본질	True nature,essence	C
53659	볼	the cheek	C
53681	볼링	Bowling	C
53704	볼일	business,errand,engagement	B
53714	볼펜	A ballpen	A
53723	봄	Spring	A
53787	봉사	service,attendance	C
53793	봉사하다	serve,render service	C
53824	봉지	Bag	B
53837	봉투	Envelope	B
53870	뵈다	Contraction of 보이다	B
53871	뵈다	See (polite)	B
53872	뵙다	see,meet	B
53873	부	A department, a part	B
53875	부	assistant,deputy	C
53876	부	wealth,riches	C
53944	부근	neighborhood,vicinity	B
53962	부끄러움	shame,disgrace	B
53975	부끄럽다	Be shameful,disgraceful	B
53998	부담	A burden,responsibility	C
54015	부담하다	bear,shoulder a responsibility	C
54023	부대	A detachment, squad	C
54068	부동산	Real estate	B
54129	부드럽다	soft,tender	B
54149	부딪치다	Collide with, bump against	B
54150	부딪히다	Be bumped into	C
54176	부러워하다	envy,be envious of	B
54179	부러지다	Break, get broken	C
54180	부럽다	Be enviable	B
54199	부르다	To be full	B
54200	부르다	To call	A
54237	부모	Parents	A
54243	부모님	Parents	A
54249	부문	A section,department ; category	C
54263	부부	Man and wife	A
54278	부분	part,portion	B
54294	부분적	Departmental	C
54318	부산	Busan, city in SE Korea, with largest beach in S.Korea	D
54327	부상	A wound,injury	C
54337	부서	one's post,duty	C
54349	부서지다	Break, be broken	C
54499	부엌	Kitchen	A
54541	부위	A region,part	C
54567	부인	A woman	C
54568	부인	my wife	A
54578	부자	A rich person	B
54605	부작용	a side reaction, a side effect	B
54609	부잣집	a Rich man's house, a rich man's house	B
54610	부장	Head of a department	B
54612	부재	Absence	C
54664	부정	injustice,wrongfulness	C
54686	부정적	negative, contradicting sth else,  not positive	C
54692	부정하다	Be uncertain,irregular	C
54710	부족	lack,want (scarcity, insufficiency)	B
54711	부족	A tribe	B
54725	부족하다	Be short of, lack	B
54760	부지런하다	Be diligent	B
54761	부지런히	Diligently	C
54799	부채	A debt,liabilities	C
54823	부처	a dept. of the government	B
54847	부치다	to send, to post	B
54849	부친	A father	C
54858	부탁	request,favor	B
54862	부탁하다	Ask sb a favor	B
54922	부품	Parts, accessories	C
54926	부피	bulk,size	C
54987	부회장	A vice president	C
54995	북	North	B
55062	북부	The north part	C
55142	북쪽	The north direction	A
55167	북한	North korea	D
55178	분	Minutes	A
55180	분	One part	A
55246	분노	rage,anger	C
55277	분량	a quantity,a measure (of the size of sth)	C
55302	분리	separation,segration	C
55305	분리되다	To be segregated	C
55319	분리하다	To separate, break away from	C
55339	분명	Obviousness	B
55342	분명하다	To be clear/obvious	C
55347	분명해지다	To become clear	C
55348	분명히	Obviously	B
55421	분석	Analysis	C
55438	분석하다	To analyze	B
55476	분야	a field (of study, of industry)	C
55504	분위기	atmosphere,surroundings	B
55541	분주하다	Be busy,crowded	C
55595	분포하다	Distribution	C
55597	분필	Chalk	C
55654	분홍색	Pink color	C
55671	불	Fire; a light/lamp	A
55684	불가능하다	Impossible	B
55709	불가피하다	Inevitable, unavoidable	C
55769	불과	Only, not more than	C
55770	불과하다	to be nothing more than	C
55773	불교	Buddhism	B
55796	불구하다	Deformity, malformation	C
55838	불꽃	a flame,blaze,spark	B
55851	불다	to blow (e.g. the wind blows)	A
55892	불러일으키다	to rouse,stir up, to create	C
55913	불리다	To be called	B
55914	불리다	soak,steep	C
55915	불리하다	to be disadvantageous,unfavorable to/for	C
55918	불만	Dissatisfaction	B
55980	불법	Buddhism	C
55981	불법	Illegal	C
56031	불빛	Fire light	B
56092	불쌍하다	To be deplorable	B
56100	불안	uneasiness,anxiety	B
56116	불안하다	To be uneasy, anxious	B
56132	불어오다	Call to come	C
56165	불완전하다	To be imerfect	C
56203	불이익	disadvantage,drawback	C
56304	불편	Inconvenience	C
56306	불편하다	To be unpleasant	B
56307	불평	Dissatisfaction	C
56314	불평등하다	Inequality	C
56334	불필요하다	To be unnecessary	C
56351	불행	Unhappiness	C
56359	불행하다	Do not permit	B
56381	불확실하다	Be uncertain	C
56412	붉다	Be red, scalet	B
56421	붐비다	Be congested,crowded ; to be full of	C
56430	붓다	to be swollen	C
56431	붓다	to pour (water, liquid)	B
56465	붙다	Stick, adhere to	B
56468	붙들다	catch,seize,grasp	C
56482	붙이다	affix,put on	B
56488	붙잡다	seize,catch	C
56492	붙잡히다	Be caught	C
56532	브랜드	Brand	C
56601	블라우스	Blouse	B
56637	비	Rain	A
56638	비	A monument	C
56753	비교	A comparison	B
56759	비교적	Comparatively	B
56762	비교하다	To compare	B
56790	비극	A tragedy	C
56800	비기다	End in a tie, to be even-even.  Same as 무승부를 기록하다	C
56829	비난	Criticism, reproach	C
56873	비누	Soap	A
56901	비닐	a thin sheet of plastic, vinyl	B
56905	비닐봉지	Plastic bag	B
56906	비다	To be empty, vacant	C
56952	비둘기	Pigeon	C
56974	비디오	Video	A
57019	비로소	For the first time	C
57023	비롯되다	To be begun, to have started	C
57024	비롯하다	begin,start	C
57043	비만	Fatness, corpulence	C
57057	비명	A scream	C
57088	비밀	A secret	B
57135	비바람	Rain and wind	C
57189	비비다	to rub,chafe (2) to mix together (esp. food)	C
57193	비빔밥	Vegetarian dish of rice and vegetables	A
57215	비상	Emergency	C
57275	비서	Secretary	B
57330	비슷하다	To resemble	A
57358	비싸다	To be expensive	A
57435	비용	Expense	B
57451	비우다	empty,vacate	C
57458	비웃다	Laugh at, ridicule	C
57502	비율	ratio,percentage, proportion	C
57641	비중	Specific gravity, of comparative weight	C
57677	비추다	(1) Shed, throw light on (2) to reflect in the mirror	C
57695	비치다	To shine, to reflect light	C
57702	비키다	Move aside	B
57704	비타민	Vitamin	B
57782	비판	criticism,a comment	C
57789	비판적	Critical	C
57793	비판하다	To criticize	B
57819	비하다	Compare to	C
57838	비행	An irregularity	C
57839	비행	Flying, aviation	C
57862	비행기	An airplane	A
57907	비행장	An airfield	C
58119	빌다	pray,wish,ask	B
58120	빌딩	Building	B
58129	빌리다	To lend	B
58155	빗	A comb	B
58188	빗물	Rainwater	B
58199	빗방울	Raindrops	C
58211	빗줄기	Great streaks of rain	C
58318	빚	Debt	C
58323	빛	Light	B
58326	빛깔	A color,shade,hue	C
58335	빛나다	to shine,glitter; to give off light somehow	C
58354	빠뜨리다	Throw into (a river); entice, entrap	C
58365	빠르다	Be fast, quick	A
58368	빠져나가다	Get/go out of here, to find a way out	C
58369	빠져나오다	Come out of somewhere	C
58374	빠지다	To indulge in, be addicted to	B
58375	빠지다	To fall into	B
58421	빨간색	deep-red,crimson	A
58427	빨갛다	deep-red,crimson	B
58434	빨다	sip,suck	C
58435	빨다	Wash the laundry	B
58440	빨래	washing,laundry	B
58451	빨리	Quickly	A
58481	빵	Bread	A
58521	빼놓다	to exclude,leave out	C
58523	빼다	Pull out, extract	B
58528	빼앗기다	A thing be taken away	C
58529	빼앗다	Snach, take away from	C
58553	뺏다	to take sth away from sb	C
58557	뺨	the cheek	B
58584	뻔하다	almost,nearly	C
58585	뻔하다	Be clear,evident	C
58588	뻗다	Stretch out, extend beyond (2) to stretch for, reach for	B
58606	뼈	A bone	B
58654	뽑다	Pull out, draw	B
58662	뽑히다	Be taken out, pulled out	C
58684	뿌리	A root	B
58699	뿌리다	sprinkle,scatter	B
58713	뿌리치다	Shake off, refuse	C
58722	뿐	only,alone,merely	B
58794	사	four,the fourth	A
58816	사건	An event,incident	C
58836	사계절	the four seasons	B
58837	사고	thought,contemplation	C
58838	사고	An accident	B
58855	사과	An apology	C
58856	사과	An apple	A
58867	사과하다	To apologize	B
58903	사귀다	Make friends with	C
58921	사기	morale,fighting spirit	C
58943	사나이	A man, a male	C
58955	사냥	Hunting, a hunt	C
58979	사다	To buy, purchase	A
59029	사들이다	buy,purchase	C
59042	사라지다	To disappear	B
59044	사람	Person	A
59053	사랑	Love	A
59058	사랑스럽다	Lovely	B
59062	사랑하다	To love	A
59080	사례	case, instance	C
59118	사립	Private	C
59134	사망	Death	C
59142	사망하다	To decease,pass away	C
59166	사모님	Older more respected ajuma	C
59173	사무	Office work	B
59187	사무소	Office	C
59189	사무실	Office	A
59198	사무직	Working in the office not in the factory, white collar	C
59213	사물	objects,things	B
59230	사방	The four directions	C
59303	사상	In history	C
59347	사생활	Private life	C
59364	사설	An editorial	C
59374	사소하다	Be trifling,insignificant	C
59391	사슴	Deer	C
59412	사실	Actually, really	B
59413	사실	The truth, a fact	B
59416	사실상	Actually, in truth	C
59431	사십	40	A
59460	사업	Business	B
59461	사업가	Businessman	C
59473	사업자	Businessman	C
59509	사용	use, employment	B
59513	사용되다	Be used, be employed	B
59523	사용자	A user,consumer,employer	B
59528	사용하다	To use, to use for a specific purpose	A
59534	사원	Company employee	B
59537	사월	April	A
59539	사위	environment,surroundings	B
59567	사이	space between 2 points; the relationship between 2 people	A
59578	사이사이	Every now and then	C
59586	사이좋다	Be on good terms with	B
59611	사자	A lion	B
59622	사장	Company boss	A
59637	사전	Dictionary	A
59638	사전	preliminary, beforehand,in advance	C
59653	사정	Circumstances	C
59722	사진	Picture	A
59738	사진기	Camera	B
59782	사촌	a cousin	B
59787	사춘기	adolescence,puberty	C
59816	사탕	Sugar	A
59835	사투리	A dialect	C
59854	사표	A written resignation	C
59905	사회	culture,society	B
59941	사회생활	Social life	C
59950	사회자	President	C
59951	사회적	Socially	B
59955	사회주의	Socialism	C
59966	사회학	Social science	C
59987	사흘	Three days	C
60039	산	A mountain	A
60086	산길	A mountain path,road	C
60185	산부인과	Obstetrics and gynecology	C
60223	산소	Oxygen	B
60239	산속	The heart of a mountain	B
60266	산업	Industry	C
60361	산책	A walk,stroll	A
60469	살	flesh,muscle	B
60470	살	Years old	A
60524	살다	To live	A
60549	살리다	1) revive, bring around, restore to life  2) save,spare,rescue	B
60556	살림	living,livelihood	C
60599	살아가다	Lead a life, get along	C
60601	살아나다	revive,be brought back to life	C
60603	살아남다	Survive	C
60608	살아오다	To come out alive	C
60619	살인	Murder	C
60644	살짝	(1) softly,lightly,just a little (2) furtively, stealthily	B
60671	살펴보다	Watch closely	B
60679	살피다	to watch closely	C
60685	삶	Life	C
60687	삶다	boil,cook (eggs)	B
60698	삼	Three	A
60702	삼가다	Be discreet,take care of ; to abstain (refrain) o.s. from doing	C
60733	삼계탕	Chicken soup	C
60737	삼국	Three countries	C
60751	삼다	Make a person into your person (2) to make straw sandals/sth out of string	C
60845	삼십	30	A
60867	삼월	March	A
60911	삼촌	An uncle (usually on the father's side)(외삼촌 a brother of the wife, an uncle on the  mother's side)	B
60920	삼키다	Swallow	C
60993	상	Upper	C
61000	상	A table,small desk	C
61001	상	A statue,a figure	C
61002	상	A prize	B
61063	상관	Concern, relation	C
61073	상관없다	To not be of concern	C
61074	상관없이	Without anything to do with	C
61092	상금	Prize money	C
61125	상담	Consultation	C
61137	상당	proper,fitting,suitable (within the confines of)	C
61140	상당수	plenty/a lot of	C
61144	상당하다	to be proper,suitable (2) fairly large	C
61145	상당히	fairly,considerably	C
61146	상대	counterpart,companion,rival	B
61160	상대방	Conversation partner	B
61166	상대성	Relativity	C
61170	상대적	relatively,correlatively	C
61180	상대편	The other party	C
61207	상류	The upper classes,upstream	C
61254	상반기	The first,upper half	C
61304	상상	Imagination	B
61307	상상력	Imaginative powers	C
61319	상상하다	Imagine	B
61422	상식	Common sense	C
61455	상업	commerce,trade	C
61542	상인	merchant,trader	C
61551	상자	A box,case	B
61577	상점	A shop,store	C
61612	상징적	symbolic,emblematic	C
61624	상징하다	Symbolize	C
61632	상처	Wound	B
61644	상추	Lettuce	B
61666	상쾌하다	Be refreshing,exhilirating	C
61670	상태	condition,state	C
61694	상표	trademark,brand	C
61706	상품	Product	B
61745	상하다	damage,injure ; food rots ; to be in pain	B
61833	상황	State of things	C
61853	새	An interval	C
61854	새	A bird	A
61855	새	New	A
61907	새기다	To sculpt,engrave	C
61919	새끼	Baby animal, mother fucker	B
61954	새다	leak,escape from	C
61965	새로	newly,anew	B
61989	새로이	newly,afresh	C
61998	새롭다	To be new,novel	C
62011	새벽	dawn,daybreak	B
62035	새소리	Bird voice,”chirp”	B
62046	새우	lobster,shrimp	B
62048	새우다	Sit up all night	C
62105	새해	A new year	B
62107	색	Color	A
62116	색깔	Color	A
62120	색다르다	Be different,novel	C
62162	색연필	Colored pencil	C
62227	샌드위치	Sandwich	A
62264	생	1) raw,uncooked 2)living	C
62273	생각	Thought	A
62274	생각나다	To remember	B
62277	생각되다	To come to think sth	B
62278	생각하다	To think	A
62292	생겨나다	To begin, germinate	B
62315	생기	animation,life	C
62317	생기다	arise,occur,happen	A
62382	생명	Life	C
62421	생물	A living thing/organism	C
62459	생방송	A live broadcast	C
62474	생산	1) production 2)birth	C
62487	생산되다	To be produced	C
62489	생산력	Productive capacity	C
62506	생산자	A producer	C
62517	생산하다	To produce,make	C
62527	생선	Raw fish	A
62562	생신	A birthday	B
62584	생일	A birthday	A
62670	생활	lifestyle,livelihood	A
62691	생활비	Cost of living	C
62697	생활수준	The standard of living	C
62704	생활용품	Necessities for daily life	C
62712	생활하다	To live, make a living	B
62715	생활환경	Life environment	B
62732	샤워	Shower	A
62795	서구	Western Europe	C
62825	서너	About three, three or four	B
62828	서늘하다	Be cool,refreshing	C
62831	서다	To stand	A
62846	서두르다	To hurry up	B
62850	서랍	A drawer	B
62859	서로	mutually,one another	A
62934	서류	documents,papers	B
62948	서른	Thirty	A
62970	서명	signing,autographing	C
62982	서명하다	To sign	C
62991	서민	Common people	C
63020	서부	The western part	C
63053	서비스	Service	B
63076	서서히	Slowly, little by little	C
63123	서양	The Western countries	B
63152	서양인	A Westerner	C
63191	서울	Seoul	D
63193	서울역	Seoul train station	D
63220	서적	books,publications	C
63238	서점	A bookstore	A
63265	서쪽	The west	A
63287	서클	Circle	C
63294	서투르다	unskilled,clumsy	B
63328	서툴다	poor,awkward	C
63356	석	A seat,sitting place	C
63357	석	Three (in 3 months)	C
63421	석사	Master	C
63442	석유	Petroleum	B
63561	섞다	blend,mix	B
63575	섞이다	To be mixed,blended	B
63580	선	A line, a route	C
63609	선거	An election	C
63790	선명하다	To be clear,distinct	C
63807	선물	A present,gift	A
63815	선물하다	Give a gift	A
63846	선배	one's senior	B
63882	선생	Teacher	A
63883	선생님	Teacher	A
63898	선수	An athlete	B
63943	선언하다	declare,proclaim,announce	C
63965	선원	A crew, a ship's company	C
64017	선장	A captain	C
64029	선전	Propaganda	C
64064	선정하다	to select, to choose	C
64088	선진	seniority,advance	C
64090	선진국	A developed country, an advanced nation, the first world	C
64152	선택	A choice	B
64176	선택하다	To choose	B
64188	선풍기	A fan	B
64222	선호하다	To prefer	C
64254	설거지	Dishwashing	B
64284	설날	New Year's Day	B
64294	설득하다	Persuasion	C
64296	설렁탕	beef and rice soup	B
64312	설립하다	found,establish	C
64317	설명	An explanation	A
64318	설명되다	To be explained	C
64324	설명하다	To explain	A
64326	설문	questions like those on a questionnaire	C
64346	설사	Diarrhea	C
64362	설악산	Famous mountain	D
64388	설치	an installation (to prepare equipment or facilities)	C
64391	설치되다	To be installed	C
64395	설치하다	To install,establish,create	C
64396	설탕	Sugar	A
64426	섬	An island	B
64533	섭섭하다	Be sorry,disappointed	C
64535	섭씨	Celsius	B
64555	성	a castle, fortress	C
64560	성	a sex (male or female), a sexual gender	C
64561	성	A family name,surname	B
64588	성격	Personality ; character, nature	B
64596	성경	The Bible	C
64604	성공	success,achievement	B
64613	성공적	Successfully	C
64615	성공하다	To succeed	B
64679	성당	A catholic church, a catholic cathedral	C
64707	성립되다	To be concluded, formed	C
64709	성립하다	To exist, to come into being	C
64721	성명	A declaration,statement	C
64763	성별	Sex distinction	B
64829	성숙하다	to ripen, to mature	C
64842	성실하다	Be ripe	C
64903	성인	An adult	B
64932	성장	Growth	C
64942	성장하다	To grow,be brought up	C
64943	성적	Sexual	C
64944	성적	A result,grade	B
65020	성질	nature,disposition	C
65087	성함	Your (his) esteemed name	B
65123	세	A generation,age,epoch	C
65124	세	Three	A
65125	세	Age in years	A
65165	세계	World	B
65184	세계관	A worldview	C
65203	세계적	International	B
65248	세금	Tax	B
65261	세기	Century	B
65288	세다	to count	C
65289	세다	To be strong, mighty	B
65295	세대	Generation	C
65339	세련되다	To be polished,refined	C
65347	세로	Length	B
65405	세미나	Seminar	C
65448	세상	The world,society	B
65456	세상에	In the world	C
65488	세수	Hand-washing	A
65518	세우다	Stand up, erect	B
65521	세워지다	To become erected	B
65523	세월	The times, things	C
65557	세제	detergent,cleaning material	C
65566	세종대왕	King sejong, who invented Hangul	C
65603	세탁	Laundry	B
65607	세탁기	Washing machine	A
65619	세탁소	Laundromat	B
65640	세트	Set	C
65677	섹시하다	To be sexy	C
65687	센터	Center	B
65700	센티미터	Centimeter	A
65740	셈	An intention,design,purpose	C
65752	셋	Three	A
65766	셋째	The third	A
65786	소	A cow	B
65810	소개	Introduction	B
65811	소개되다	To be introduced, presented	B
65816	소개하다	To introduce, present	A
65885	소규모	Small scale	C
65895	소극적	Passivity,passiveness	C
65910	소금	Salt	A
65924	소나기	A sudden rain shower	B
65930	소나무	A pine tree	B
65945	소녀	A young girl	B
65956	소년	A boy	B
66027	소득	An income,earnings	C
66086	소리	A sound,noise	B
66117	소리치다	To shout, yell	B
66131	소망	desire,wish,hope	C
66134	소매	1)a sleeve 2) a retail sale	C
66192	소문	A rumor	B
66194	소문나다	A rumor starts	B
66216	소박하다	simple, naive, ingenuous	C
66263	소비	Consumption	C
66279	소비자	A consumer	B
66299	소비하다	Consumption	C
66343	소설	A novel, fiction story	B
66344	소설가	Novelist	B
66364	소속	Belong to, attached to	C
66384	소수	A small number, a few	C
66415	소스	Sauce	B
66430	소시지	Sausage	B
66437	소식	News, information	B
66466	소아과	Pediatrics	C
66518	소요되다	Be needed	C
66521	소용	use, usefulness	C
66527	소용없다	To be useless	B
66532	소원	one's desire	C
66540	소위	What is called for	C
66543	소유	Possession	C
66553	소유자	Possessor	C
66567	소유하다	To possess,hold	C
66570	소음	A noise,cacaphony	C
66647	소재	a raw material (mfg), the subject matter (writing)	C
66669	소주	Korean sake	B
66675	소중하다	To be important,valuable	C
66677	소중히	seriously,with care	C
66688	소지품	one's things, one`s belongings	C
66695	소질	temperament,character, special skill	C
66768	소파	Sofa	A
66772	소포	A parcel,package	B
66793	소풍	Picnic	A
66801	소프트웨어	Software	C
66826	소형	Small size	C
66889	소홀히	carelessly,indifferently,neglectfully	C
66890	소화	Digestion	C
66930	소화하다	To digest	C
66942	속	The inside	A
66990	속담	A proverb,saying	C
66996	속도	Speed	B
67016	속마음	Inner heart,feeling	C
67051	속삭이다	Whisper	C
67054	속상하다	Be distressing	C
67100	속옷	Underwear	B
67122	속이다	deceive,cheat	C
67167	속하다	Belong to, be affiliated with	B
67180	손	The hand	A
67189	손가락	a finger	A
67210	손길	An outstretched hand	C
67216	손녀	Granddaughter	B
67218	손님	Customer	A
67235	손등	The back of the hand	C
67239	손목	The wrist	B
67249	손바닥	The palm	B
67259	손발	Hand and foot; the limbs	B
67268	손뼉	The flat of one's hand	B
67285	손수	with one's own hands, personally	C
67290	손수건	a handkerchief	B
67301	손쉽다	Be easy, simple	C
67303	손실	Loss	C
67383	손자	Grandson	B
67387	손잡다	Take a person by the hand	C
67388	손잡이	A handle,knob	B
67408	손질	handling, care ; working with the hands	C
67410	손질하다	to handle with care	C
67413	손톱	Fingernail	B
67426	손해	damage,injury	C
67465	솔직하다	frankness,candidness	B
67468	솔직히	frankly,candidly	B
67473	솜	Cotton	C
67484	솜씨	skill,ability	C
67514	솟다	rise,soar,tower above ; gush up	C
67570	송아지	A calf,baby cow	B
67585	송이	A bunch,cluster	B
67610	송편	Rice cake steemed over pine needles	B
67661	쇠	Iron	C
67672	쇠고기	Beef	A
67775	쇼	Show	B
67788	쇼핑	Shopping	A
67797	수	way,method	C
67798	수	The number of sth	C
67799	수	way,method	A
67827	수건	Handkerchief	A
67839	수고	toil,labor,pains	C
67841	수고하다	To work hard	B
67914	수년	Several years	B
67942	수단	a means, a way	C
67958	수도	the capital city, e.g. Seoul, of a country	C
67966	수도권	The Metropolitan area	C
67967	수도꼭지	A faucet,tap	C
67999	수돗물	Tap water	B
68005	수동적	Passively	C
68158	수리하다	repair,mending	C
68169	수만	Tens of thousands	C
68170	수많다	Many and many	B
68184	수면	sleep,slumber	C
68191	수명	Life span	C
68230	수박	Watermelon	A
68249	수백	Hundreds	C
68337	수상	The prime minister	B
68384	수석	The top seat	C
68465	수술	Surgery	B
68496	수시로	On demand, per the demand of the occasion ; all the time, at any time	C
68518	수십	Tens of sth	C
68554	수업	Completing an educational training course	C
68555	수업	school,teaching, classes	A
68559	수없이	Be unable to do	C
68575	수염	Beard	B
68587	수영	Swimming	A
68598	수영장	Swimming pool	A
68607	수요	demand,requirement	C
68613	수요일	Wednesday	A
68703	수입	Income	B
68704	수입	Importing sth	B
68711	수입되다	To be imported	C
68727	수입품	An imported product	C
68729	수입하다	To import	B
68750	수저	A spoon	C
68830	수준	Level	C
68920	수집	Collection	C
68931	수집하다	To collect	C
68948	수천	Thousands	C
68962	수출	Exporting sth	B
68980	수출하다	To export	B
69002	수컷	A male of the species	C
69073	수표	A check	B
69091	수필	An essay	C
69104	수학	Pursuit of knowledge	B
69105	수학	Mathematics	B
69123	수행하다	Accomplishment	C
69128	수험생	A student preparing for an examination	C
69149	수화기	The telephone receiver	B
69202	숙녀	A lady	C
69256	숙소	one's address	B
69273	숙이다	Lower one's head	B
69278	숙제	Homework	A
69305	순간	A moment,a second	B
69312	순간적	instanteous,momentary	C
69394	순서	sytem,order,sequence	B
69399	순수	purity,genuineness	C
69407	순수하다	To be pure	B
69419	순식간	A brief instant	C
69428	순위	order,ranking	C
69492	순진하다	To be naive,pure	C
69515	순하다	Be gentle,docile	C
69575	숟가락	A spoon	A
69579	술	Alcohol	A
69580	술	a spoonful	A
69624	술병	a bottle of alcohol	B
69658	술자리	a banquet	B
69660	술잔	a glass for alcohol	B
69668	술집	Bar of some kind	B
69696	숨	A breath	B
69711	숨기다	To hide	C
69721	숨다	To be in hiding, to hide oneself	B
69755	숨지다	Breathe one's last breath	C
69770	숫자	A figure,number	B
69818	숲	Forest	B
69843	쉬다	to relax, take a break	A
69844	쉬다	to breathe	B
69865	쉰	50	A
69886	쉽다	To be easy	A
69904	슈퍼마켓	Supermarket	A
69921	스님	A priest	B
69975	스무	20	A
69977	스물	Twenty	A
69987	스스로	On its own, of its own free will	B
69988	스스로	By oneself, do it alone	B
69994	스승	A teacher,master	C
70010	스웨터	Sweater	B
70021	스위치	Switch	C
70043	스치다	Graze past	C
70076	스케이트	Skate	B
70086	스케줄	Schedule	B
70163	스키	Ski	A
70174	스키장	Place to ski	B
70183	스타	Star	B
70193	스타일	Style	B
70259	스튜디오	Studio	C
70263	스트레스	Stress	A
70351	스포츠	Sports	A
70406	슬그머니	Furtively	C
70479	슬쩍	Secretly, on the sly, stealthily	C
70484	슬퍼하다	sorrow,feel sad	B
70489	슬프다	To be sad,sorrowful	A
70496	슬픔	Sorrow	B
70515	습관	Habit	B
70527	습기	moisture,humidity	C
70594	승객	a passenger, passengers	C
70619	승리	A victory	C
70628	승리하다	To win	C
70650	승부	A contest,match	C
70671	승용차	A passenger car	B
70693	승진	promotion,advancement	C
70720	시	Poetry, lines of verse	C
70721	시	City	A
70722	시	Time	A
70745	시각	The time of day	C
70746	시각	angle/point of view.  관점.	C
70754	시간	Time	A
70755	시간	a Length of time (한시간 동안)	A
70799	시계	clock, timekeeper, timepiece	A
70814	시골	Countryside	B
70889	시금치	Spinach	C
70894	시기	The time, the season	C
70897	시기	An opportunity,chance	C
70925	시끄럽다	To be noisy,boisterous	B
70927	시나리오	Scenario	C
70932	시내	The city	B
70933	시내버스	Inner-city bus	B
70960	시대	An age,period	B
70988	시대적	Of the times	C
70992	시댁	one's husband's family/house	C
70994	시도	An attempt,test	C
70998	시도하다	To try,attempt	B
71012	시들다	To wither,die,fade	C
71017	시디	C.D.	C
71018	시디롬	Cd-rom	C
71056	시리즈	Series	B
71063	시멘트	Cement	C
71077	시민	Residents of a city	B
71134	시부모	one's husband's parents	B
71184	시선	one's line of vision	C
71187	시설	establishment,institution	B
71219	시스템	System	C
71249	시아버지	one's husband's father	B
71263	시야	Visual field	C
71274	시어머니	one's husband's mother	B
71302	시외	Outside the city, suberbs	B
71304	시외버스	Inter-city bus	C
71317	시원하다	to be cool,refreshing	A
71318	시월	October	A
71320	시위	A demonstration	C
71339	시인	A poet	B
71344	시일	time,days	C
71347	시작	The beginning	A
71349	시작되다	To begin,start	A
71356	시작하다	To start,begin	A
71358	시장	Mayor	C
71359	시장	bazaar, market, marketplace; (2) a market	A
71385	시절	season,time,occasion	B
71386	시점	Point in time	C
71418	시중	In the city	C
71426	시즌	Season	C
71431	시집	A collection of poems	C
71432	시집	one's husband's home/family	B
71433	시집가다	To take a husband	C
71458	시청	City hall	B
71462	시청률	Popularity rating	C
71465	시청자	TV audience member	B
71535	시키다	To make	B
71577	시합	A contest,match	C
71592	시험	A test	A
71656	식	form,style	B
71667	식구	Members of a family, your immediate family members (those you live with, preferably)	B
71672	식기	An eating vessel	C
71684	식다	To get cold, cool off	B
71687	식당	Restaurant	A
71702	식량	food,provisions	C
71718	식료품	Articles for food	C
71741	식물	food,provisions	B
71795	식빵	Bread	B
71796	식사	A meal	A
71813	식사하다	To eat a meal	A
71818	식생활	Dietary life	C
71842	식욕	appetite,desire	C
71867	식용유	Food oil	B
71916	식초	Vinegar	B
71929	식탁	a dinner table	A
71936	식품	Groceries	B
71950	식품점	Grocery store	C
71961	식히다	To cool, let cool. 차게 하다	C
71964	신	joy,delight	B
71965	신	God	C
72106	신고	A statement,declaration	B
72119	신고하다	To state, declare	C
72153	신규	A new regulation, a new project, sth new on a big scale ; work being done anew	C
72177	신기하다	To be novel,original	C
72178	신기하다	To be marvelous,astounding	C
72185	신념	belief,faith	C
72189	신다	Put on, wear	A
72208	신라	One dynasty in ancient korea	C
72214	신랑	A bridegroom	B
72242	신문	A newspaper	A
72267	신문사	Newspaper company	B
72290	신문지	Newspaper paper	B
72308	신발	shoes,footwear	A
72331	신부	A holy father,priest	C
72332	신부	Bride	B
72343	신분	Social position	C
72359	신비	Mystery	C
72388	신사	A gentleman	C
72447	신선하다	Fresh	B
72450	신설	A new theory	C
72460	신세	one's financial standing; indebtedness,obligation when helped	C
72462	신세대	The new generation	C
72472	신속하다	Be quick,rapid,speedy	C
72559	신용	confidence,trust	B
72634	신인	A new man	C
72659	신입생	A new student	B
72713	신제품	A new product	C
72736	신중하다	To be prudent,cautious	C
72764	신청	an application, a request; an offer, proposal, tender	B
72767	신청서	Application, application form	C
72770	신청하다	To apply (for)	C
72771	신체	The body	B
72791	신체적	Physical	C
72891	신호	A signal,signaling	B
72897	신호등	Signal light, blinker	B
72907	신혼부부	Newlyweds	B
72908	신혼여행	the honeymoon (the trip after the wedding)	B
72911	신화	A myth	C
72932	싣다	To load,take (passengers)	B
72933	실	Thread (to wind thread)	C
72942	실감	Actual feeling	C
72966	실내	In the room	B
72996	실력	one's real ability,talent	B
73001	실례	rudeness,impolite	A
73003	실례하다	To be impolite	A
73004	실로	really,indeed	C
73018	실리다	To be printed,recorded; to be loaded onto a truck (luggage)	C
73030	실망	Disappointment	C
73035	실망하다	To disappoint	C
73082	실수	A mistake	B
73092	실수하다	To make a mistake	B
73093	실습	Actual training,practice	C
73099	실시	execution,enforcement	C
73102	실시되다	To be enforced	C
73106	실시하다	To enforce,put into effect	C
73143	실은	In reality, to tell the truth	C
73154	실장	boss,president	C
73171	실정	The actual situation	C
73173	실제	The truth, a fact	C
73175	실제로	In reality	C
73223	실질적	substantial,essential	C
73227	실천	Practice	C
73233	실천하다	To practice, put in theory	C
73234	실체	substance,essence	C
73249	실컷	To one's satisfaction	C
73256	실태	The actual conditions,reality	C
73261	실패	Failure	B
73266	실패하다	To fail	B
73282	실험	An experiment,test	C
73304	실현	realization,materialization	C
73305	실현되다	To realize,bring to fruition	C
73308	실현하다	To realize,bring to fruition	C
73321	싫다	To not like, to hate	A
73324	싫어지다	To become distasteful	B
73327	싫어하다	To dislike, be reluctant (to do)	A
73342	심각하다	seriousness,gravity	B
73343	심각해지다	To become serious	C
73364	심다	plant,sow (a tree)	B
73389	심리	A mental state	B
73399	심리적	Psychological	C
73443	심부름	Errand	B
73451	심사	judgment,examination	C
73518	심심하다	to be bored	C
73550	심장	The heart	C
73601	심정	one's heart, one's feelings	C
73622	심판	referencing,umpireship	C
73642	심하다	To be extreme,intense	B
73649	심해지다	Become deep and serious	B
73659	십	10	A
73694	십이월	December	A
73704	십일월	November	A
73754	싱겁다	Taste flat, have no flavor	B
73764	싱싱하다	Be fresh, full of life; (food) crispy, fresh	C
73773	싶다	want,hope	A
73774	싶어지다	To come to want	C
73780	싸구려	cheap,inferior (a bargain)	C
73793	싸다	Wrap in, bundle	B
73794	싸다	Be inexpensive	A
73806	싸우다	To fight	A
73807	싸움	A fight	B
73832	싹	A bud,sprout	C
73845	싼값	A low price	C
73846	쌀	Uncooked rice	B
73860	쌍	A pair,couple	C
73879	쌍둥이	Twins	C
73941	쌓다	To pile up	B
73950	쌓이다	Be piled/heaped up	B
73973	썩	Very much, greatly	C
73974	썩다	Go bad, rot	B
73981	썰다	Chip, mince,dice	B
73983	썰렁하다	chilly,feel cold	C
73994	쏘다	(1) To shoot  (2) to sting, bite (an insect, animal)	B
74008	쏟다	To pour .  붓다	B
74013	쏟아지다	To pour out	B
74057	쓰다	To write	A
74058	쓰다	To wear (a hat)	A
74059	쓰다	Take (medicine)	A
74060	쓰다	Bitter (vegetables)	B
74062	쓰다듬다	to stroke one's beard	C
74066	쓰러지다	Fall, collapse	C
74068	쓰레기	Garbage	A
74095	쓰레기통	garbage can	B
74101	쓰이다	Be writted	B
74102	쓰이다	To be used, to be utilized/employed	C
74110	쓴맛	A bitter flavor	C
74114	쓸다	brush, sweep perhaps lightly  (2) a disease/disaster spreads far and wide	C
74132	쓸데없다	To be useless	C
74133	쓸데없이	To have no use	C
74164	쓸쓸하다	to be lonely,lonesome	C
74183	씌우다	Put a hat on somebody	C
74187	씨	Seeds (sow)	B
74188	씨	~ Mr.	A
74206	씨름	Wrestling	B
74219	씨앗	Seeds	C
74234	씩씩하다	Be brave,valiantl; to be vigorous	B
74240	씹다	To chew (2) to speak badly of	B
74250	씻기다	To be carried away, washed away	C
74251	씻기다	wash,be washed	C
74252	씻다	To wash,cleanse	A
74263	아	Oh dear	A
74281	아가씨	Mis, young lady	B
74320	아기	baby,infant	A
74325	아까	A little while ago	B
74335	아깝다	regrettable,pitiful	C
74336	아끼다	grudge,spare	C
74349	아나운서	Announcer	B
74363	아내	Wife	A
74374	아냐	No, that's not the case	C
74381	아뇨	No, nay	B
74394	아니	No!	B
74395	아니	Not	A
74402	아니다	To not be	A
74409	아니야	No, that's not the case	B
74411	아니요	No, that's not the case	A
74414	아니하다	To be/do not	C
74452	아드님	Your esteemed son	C
74462	아들	son,baby	A
74515	아래	The bottom, the lower part	A
74540	아래쪽	The lower part, the bottom	B
74546	아래층	lower floor, downstairs	B
74559	아랫사람	Subordinate	C
74599	아르바이트	Part time	C
74636	아름답다	To be beautiful	A
74657	아마	Probably	A
74663	아마도	Probably	B
74760	아무	anybody,everybody	A
74767	아무개	Mr. so-and-so	C
74768	아무것	Anything	B
74782	아무래도	Never on any account, no matter what	B
74786	아무런	No sort of	C
74789	아무렇지 않다	To be indifferent, casually	B
74792	아무리	However much	B
74803	아무튼	In any case	B
74838	아버님	Father (respectful word)	B
74839	아버지	Father	A
74876	아빠	Dad	A
74917	아쉬움	Sense of missing, a sad, lingering regret	C
74918	아쉽다	To miss, feel the loss of	C
74936	아스팔트	Asphalt	C
74950	아시아	Asia	D
74971	아아	Oh-oh!	B
75000	아예	From the very first, from the very beginning	C
75017	아울러	And, both together; furthermore	C
75032	아유	Good heavens!	C
75033	아이	Oh my god!	B
75034	아이	Child	A
75037	아이고	Oh my god!	B
75046	아이디어	Idea	C
75080	아이스크림	Ice cream	A
75121	아저씨	Sir, calling an unknown male	A
75132	아주	Extremely	A
75184	아주머니	An aunt, a respectable word for a married, older woman	A
75192	아줌마	Old or married lady	A
75202	아직	Still	A
75272	아침	Morning	A
75362	아파트	Apartment	A
75389	아프다	To hurt	A
75392	아프리카	Africa	B
75444	아픔	Pain	B
75447	아하	Dear me!  Goodness!	C
75454	아홉	Nine	A
75460	아흔	Ninety	A
75474	악기	Musical instrument	B
75534	악몽	Nightmare	C
75569	악수	Handshake	B
75677	-안	inside (a house, etc.)	A
75678	안	A plan,proposal,suggestion	C
75679	안	~ not ~ + VERB	A
75694	안개	Fog	C
75727	안경	Glasses	A
75741	안과	Ophthalmology	C
75757	안기다	(1) To fix on a person, lay the blame on a person  <br>(2) to throw onto sb, to pass onto sb, to pawn off onto sb, to hand over to sb	C
75758	안기다	to be embraced by sb (in their arms)	C
75763	안내	Guidance, conducting	C
75786	안내하다	To lead the way	B
75788	안녕	hello/goodbye	A
75790	안녕하다	To say hello	A
75793	안녕히	peacefully	A
75796	안다	To hold, embrace	A
75830	안동	간고등어 fish common in this city, ANDONG	D
75832	안되다	To refuse to accept	B
75833	안되다	Must not, should not	A
75877	안방	living room, sitting room; inner room	B
75884	안부	safety,welfare	C
75928	안심하다	security,assuredness,relief	C
75972	안전	Safety	B
76016	안전하다	To be safe	B
76033	안정	Stability	C
76041	안정되다	To be stable	C
76059	안주	appetizers for alcohol	B
76069	안쪽	The inside, the inner part	B
76091	안타깝다	To be heart-breaking	B
76117	안팎	The interior and exterior, both sides ; from every direction	C
76126	앉다	To sit down	A
76134	앉히다	To place a person in a seat (causative of 앉다) 않게 하다	C
76137	않다	To not be, to not do	A
76140	알	An egg, spawn (fish)	B
76172	알다	To know	A
76220	알려지다	To become known	B
76233	알루미늄	Aluminum	C
76240	알리다	To inform, tell about, to make known	B
76253	알맞다	To fit, be fitting, suitable	B
76283	알아내다	To find out (e.g. the answer)	C
76284	알아듣다	To listen and comprehend	B
76286	알아보다	To investigate, examine, search; to find something out	C
76290	알아주다	acknowledge,recognize, appreciate	C
76336	알코올	Alcohol	C
76426	앓다	To be ill, sick with sth	B
76427	암	Cancer	B
76536	암시	A hint, suggestion	C
76597	암컷	A female,a she (opp. 수컷)	C
76662	압력	pressure,stress	C
76836	앞	In front of, before	A
76842	앞길	The road ahead, outlook	B
76844	앞날	The futre, the days ahead	C
76861	앞두다	Have a distance ahead	C
76862	앞뒤	Before and behind	B
76874	앞문	the front gate	C
76875	앞바다	the offing sea	C
76879	앞서	Before, previously 2) in anticipation,beforehand	C
76881	앞서다	To go before, precede	B
76888	앞세우다	to be in front, place in front	C
76906	앞장서다	To be in the lead/ at the head	C
76911	앞쪽	The front, the fore part	B
76916	애	A baby, or a slightly derogative word for person	B
76917	애	Troubles, worries	C
77045	애쓰다	Make efforts/pains to do sth	C
77075	애인	A lover	B
77083	애정	Love for a person, affection	C
77109	애초	the first, the beginning	C
77165	액세서리	Accessory	B
77169	액수	A sum, an amount	C
77210	앨범	Album	C
77251	야	(Word to get somebody's attention) Hey!! (2) impolite speech for 이다, to be	B
77256	야간	The night time	C
77304	야구	Baseball	A
77309	야구장	Baseball field	C
77330	야단	A clamro, uproar 2) a scolding	C
77449	야옹	Mewing, meowing	C
77451	야외	The fields, the outskirts	B
77522	야채	Vegetables	B
77542	야하다	To be gaudy,garish	C
77564	약	About, approximately	B
77565	약	Medicine	A
77566	약	Get angry,take offense	C
77572	약간	Some, a little	B
77581	약국	Pharmacy	A
77639	약속	A promise	A
77649	약속하다	To make a promise	A
77652	약수	Medicinal water, mineral water	C
77695	약점	A weak point, a vulnerable point	C
77732	약품	Medicines, medical supplies	C
77736	약하다	To be weak	B
77742	약해지다	To become weak	C
77751	약혼녀	A girl who is engaged	C
77755	약혼자	A fiance, an engaged person	C
77776	얄밉다	Be offensive, mean	C
77804	얇다	To be thin	B
77812	양	Both, two	C
77813	양	Miss ~	C
77814	양	A sheep, ram	C
77815	양	quantity,volume	B
77861	양국	Both countries	C
77897	양념	Spices and condiments	B
77948	양력	The solar calendar	C
77966	양말	A sock	A
78007	양배추	Cabbage	B
78015	양보	concession,compromise	C
78017	양보하다	To make a concession, recede	B
78018	양복	Western European style clothing	A
78053	양상추	Lettuce	C
78104	양식	raising,farming,culture	C
78105	양식	A mode, a style, an order, amodality	C
78118	양심	Conscience	C
78143	양옆	On both sides	C
78227	양주	Foreign wine/liquors	C
78241	양쪽	Both sides	B
78324	양파	An onion	B
78362	얕다	To be shallow, superficial	B
78382	얘	Yes.	C
78383	얘	Sonny, you there	B
78384	얘기	Story	A
78386	얘기하다	To tell a story	A
78388	어	Oh, well, why	A
78411	어기다	Run counter to, go against	C
78417	어깨	Shoulder	A
78447	어느	Some, a certain	A
78468	어느덧	Before one knows it	C
78472	어느새	In no time, quickly	B
78498	어두워지다	become/get dark	B
78512	어둠	Darkness	B
78518	어둡다	To be dark, dim, gloomy	B
78522	어디	Where?	A
78549	어때	What do you think?	B
78550	어떠하다	To be how	A
78551	어떡하다	To take some measures, to manage somehow	B
78552	어떤	What kind of, what sort of	A
78557	어떻다	how,what.. do you think of	A
78568	어려움	difficulty,hardship	B
78569	어려워지다	To become difficult	C
78576	어렵다	To be hard, difficult	A
78607	어른	A man, an adult; a superior or elder; (honorific) your father	A
78617	어리다	one's eyes dim with tears	B
78618	어리다	To be very young, juvenile	B
78631	어리석다	juvenile,foolish	C
78660	어린아이	A youngster, a child	B
78664	어린애	A youngster, a child	B
78668	어린이	A youngster, a child	A
78674	어린이날	Children's Day (may 5th)	B
78705	어머	Oh my god!	B
78710	어머니	Mom	A
78723	어머님	Mother (respectful word)	B
78767	어색하다	To be awkward, shy with words, speechless	B
78771	어서	Quickly 2) kindly	A
78841	어울리다	To be becoming, suiting	B
78898	어저께	Yesterday	C
78906	어제	Yesterday	A
78908	어젯밤	Last night	B
78934	어지럽다	To be dizzy  2) to be in chaos, disorganized	C
78948	어째서	For what reason, why is that	C
78949	어쨌든	In any case, anyhow	C
78951	어쩌다	By chance, accident	B
78952	어쩌다가	By chance, accident ; sometimes	C
78953	어쩌면	(1) it is possible that 아마도 2) how on earth, how the hell	B
78954	어쩐지	(1) somehow, in a strange way ; (2) in combination with an ending giving a reason to place stress on the action of the verb	B
78961	어쩜	Well, I guess that, is extremely.....	C
78962	어찌	How, in what way, by what means	C
78963	어찌나	extremely,quite,awfully	C
78964	어찌하다	Be subject to an attack of vertigo (figuratively), to not know what the hell is going on or what to do.	C
79027	억	One hundred million	B
79069	억울하다	To be regrettable, disappointing	C
79151	언니	Older sister	A
79155	언덕	A hill	C
79164	언론	A speech, discussion	C
79190	언어	language,speech	C
79243	언제	when,at what time	A
79245	언제나	everytime,always	A
79255	언젠가	One of these days, at some time in the future	B
79276	얹다	Put on, place, lay, set	B
79288	얻다	Get, obtain	B
79290	얻어먹다	Go about begging	C
79302	얼굴	Face	A
79346	얼다	Freeze, be frozen	B
79398	얼른	Fast, quickly, rapidly	B
79400	얼리다	Freeze, make ice	C
79401	얼마	How many, how much	A
79405	얼마간	some, somewhat	C
79406	얼마나	How many, how much ;  very	A
79441	얼음	Ice	B
79475	얼핏	at a momentary glance <i>or</i> intermittently appearing (e.g. catch a fleeting glimpse of)	C
79495	엄격하다	To be strict, serious	C
79505	엄마	Mamma	A
79528	엄숙하다	Seriousness, solemnity ; being grave, serious	C
79555	엄청나다	To be absurd,wild,terribly large	C
79574	업다	To carry on one's back, to shoulder sth	C
79575	업무	Buisness, duty	B
79598	업종	Types of industry	C
79600	업체	A business enterprise	C
79602	없다	Do not exist, absent	A
79603	없애다	Remove, get rid of, do away with	B
79612	없어지다	To lose, get lost	B
79617	없이	Without	B
79620	엇갈리다	Cross, miss eachother	C
79648	엉덩이	The buttocks	C
79653	엉뚱하다	Be extraordinary, extravagant ; to misdirect somebody`s attention	B
79654	엉망	A mess, in bad shape	C
79684	엉터리	Fake, sham	C
79693	엊그제	The day before yesterday, a few days ago	B
79699	엎드리다	Prostrate oneself, lie on the ground	C
79711	에	at/in/on	C
79966	에너지	Energy	B
80119	에어컨	Air conditioner	A
80243	엔	Yen (japanese)	B
80252	엔진	Engine	C
80282	엘리베이터	Elevator	B
80319	여	A woman, a girl	B
80323	여가	leisure,spare time	C
80330	여간	just, a little.  여간 ~지 않다 means very very ~다	C
80338	여건	A postulate, a given condition	C
80340	여겨지다	To look, appear, think of sth as	C
80352	여고생	Female high school student	B
80370	여관	A hotel, an inn	B
80383	여군	A woman soldier	C
80384	여권	A passport	A
80394	여기	here	A
80397	여기다	Think, consider as; to think, consider/estimate sth as sth else	C
80403	여기저기	Here and there	B
80425	여대생	Female college student	B
80426	여덟	Eight	A
80430	여동생	Younger sister	A
80435	여든	Eighty	A
80438	여러	many,various	A
80460	여러분	You (plural, to address a group at speech time)	A
80464	여럿	many,many people	C
80472	여론	Public opinion, public sentiment towards sth	C
80488	여름	summer,summertime	A
80500	여름철	Summertime	B
80532	여보	Spouse (term of affection)	B
80534	여보세요	Telephone HELLO	A
80559	여섯	Six	A
80562	여성	Female	B
80678	여왕	Queen	C
80692	여우	Fox	B
80718	여유	reserve,surplus	B
80737	여인	beauty,belle	C
80749	여자	woman,female	A
80897	여전하다	Be unchanged, the same as before	C
80898	여전히	As it used to be, as before ; still, persistently, even still	C
80922	여직원	Female employee	B
80925	여쭈다	Tell a superior, inform	B
80959	여학생	Female student	A
80967	여행	Trip	A
80977	여행사	a travel agency	B
80990	여행하다	To travel	A
81003	역	A part, a role	C
81004	역	A railroad station/depot	A
81100	역사	History	A
81104	역사가	Historian	B
81107	역사상	In history	C
81116	역사적	Historical	B
81128	역사학	The study of history	C
81168	역시	As expected, likewise	B
81261	역할	A part, a role	B
81289	연간	For a year	C
81301	연결	Connection, linking	C
81310	연결되다	Connect, attach	B
81325	연결하다	Connect, attach	B
81355	연관	a connection, a grouping together, relationships	C
81362	연구	Research	B
81390	연구소	A reasearch institute	B
81392	연구실	A laboratory	C
81402	연구원	Researcher	C
81403	연구자	Researcher	B
81407	연구하다	To research, investigate	B
81412	연극	drama,a play	C
81454	연기	postponement,deferment	C
81455	연기	Smoke, fume	B
81456	연기	performance,acting	B
81462	연기되다	To be put off, postponed	C
81470	연기자	A performer, an actor	C
81472	연기하다	To be put off, postponed	C
81522	연두색	Light green	C
81527	연락	Connection, communication	C
81537	연락처	a way to make contact (usually means a phone number)	B
81538	연락하다	To contact, get in touch with	B
81541	연령	Age, years of age	C
81577	연말	The end, close of the year	B
81668	연상하다	An association of ideas	C
81677	연설	A public speech	C
81699	연세	Age, years of age	B
81716	연속	continuity,succession	C
81771	연습	practice,exercise	A
81793	연습하다	To practice,exercise	A
81811	연애	Love, tender, passion	C
81851	연예인	A performer, an entertainer	C
81869	연인	A sweetheart	C
81880	연장	Extension, prolongation	C
81920	연주	A musical performance	C
81979	연출	Production, presentation	C
81990	연출하다	Produce, present (a play)	C
82015	연필	Pencil	A
82027	연하다	Tender, soft, mild	B
82031	연합	Combination, federacy, union	C
82073	연휴	Consecutive holidays	B
82077	열	Heat	B
82079	열	Ten	A
82119	열기	Heat, hot air	C
82127	열다	Open	A
82165	열리다	Open, be opened, be unlocked	B
82166	열리다	To bear fruit	B
82175	열매	Fruit	C
82230	열쇠	Lock	A
82240	열심히	Enthusiastically,with zeal	A
82303	열정	Passion	C
82311	열중하다	to have enthusiasm, zeal	C
82313	열차	Train	B
82352	열흘	Ten days, 10 days	B
82361	엷다	Be thin, light	C
82380	염려	anxiety,worry, esp. about the future	C
82382	염려하다	To worry, be anxious about	B
82522	엽서	A postcard	B
82551	엿보다	Wait for an opportunity	C
82557	영	Really, totally	C
82613	영국	England	A
82782	영남	The southeastern part of Korea	C
82850	영상	Above zero	B
82851	영상	An image [picture], reflection (moving pictures, movies)	C
82904	영양	Nutrition	C
82940	영어	The english language	A
82956	영업	sales; business, doing business	C
82969	영역	a/the territory	C
82983	영웅	A hero, a great man	C
83007	영원하다	To be eternal	B
83009	영원히	Forever	B
83072	영하	Below zero	B
83077	영향	Influence, consequences	C
83079	영향력	Influence, power to influence	C
83086	영혼	A soul, a spirit	C
83095	영화	A movie	A
83124	영화관	Movie theater	C
83129	영화배우	movie actor, movie stars	C
83141	영화제	Movie festival	C
83157	옆	Next to	A
83159	옆구리	The side, the flank	C
83167	옆방	the adjoining room	B
83184	옆집	The house next door	B
83186	예	Old days, days gone by	C
83187	예	Example	B
83188	예	Yes, certainly, right	A
83189	예감	A presentiment, a premonition	C
83214	예고하다	Warn, give advance notice	C
83218	예금	Deposit money	B
83265	예매하다	to make an advance purchase	B
83285	예방	Prevention, protection	C
83291	예방하다	To protect, prevent, fend off	C
83313	예보	forecast,predict	C
83327	예비	Preparation, putting sth in reserve	C
83350	예쁘다	Pretty, lovely	A
83370	예산	An estimate of expenses, the budget	C
83376	예상	Expectation, anticipation; forecast, preconception, prenotion	B
83380	예상되다	To expect, anticipate	C
83386	예상하다	To expect, anticipate	C
83387	예선	A preliminary match/election	C
83411	예순	Sixty yrs old	A
83412	예술	Art, an art, the arts	B
83416	예술가	An artist	B
83435	예술적	Artistic	C
83452	예습	Preparation of lessons	C
83453	예습하다	To prepare lessons, rehearse	C
83462	예식장	A ceremony hall	C
83464	예약	Pre-engagement, reservation	B
83471	예약하다	To book in advance, pledge	C
83495	예외	An exception	C
83501	예의	Courtesy, politeness	C
83521	예전	Old days, former days	B
83522	예절	propriety,decorum	B
83534	예정	A program, schedule	B
83540	예정되다	Make a program, set a schedule	C
83573	예측하다	To predict, forecast	C
83577	예컨대	For example, such as	C
83595	옛	Old, ancient	B
83615	옛날	Ancient times, antiquity	A
83625	옛날이야기	An old story	B
83634	오	Oh, ah!	B
83635	오	Five	A
83636	오가다	Come and go, keep going and coming	B
83669	오늘	Today	A
83670	오늘날	These days, nowadays	B
83681	오다	To come	A
83716	오락	Entertainment	C
83730	오래	Long, for a long time	A
83750	오래간만	after a long time	A
83755	오래도록	For long, a long while	B
83756	오래되다	to last for a long time	B
83759	오래전	a long time ago	B
83760	오랜	for a long time	B
83764	오랜만	after a long time	A
83766	오랫동안	For a long time	B
83773	오렌지	Orange	A
83794	오로지	Only, solely, exclusively	C
83809	오르내리다	Go up and down, rise and fall	C
83810	오르다	Go up, climb, ascend	A
83827	오른발	The right foot	B
83828	오른손	The right hand	B
83831	오른쪽	The right side	A
83840	오리	Duck	B
83920	오븐	Oven	B
83929	오빠	Older brother	A
84014	오십	Fifty	A
84048	오염	Contamination, pollution	C
84055	오염되다	To be polluted, contaminated	C
84078	오월	May	A
84087	오이	Cucumber	B
84114	오전	Morning	A
84151	오직	Only, merely, solely	B
84155	오징어	Cuttlefish, squid	B
84206	오페라	An opera	C
84226	오피스텔	Office hotel (studio apt)	B
84234	오해	a misunderstanding	C
84247	오후	The afternoon	A
84252	오히려	Rather,preferably	C
84285	옥상	On the roof	C
84306	옥수수	Corn	B
84359	온	All, whole, entire	B
84361	온갖	All kinds, all sorts	C
84386	온도	Temperature	B
84406	온돌	The korean under-floor heating system	C
84408	온라인	Online	C
84410	온몸	The whole body	B
84466	온종일	All day long, the whole day	C
84478	온통	Wholly, entirely	B
84495	올	This year	C
84497	올	Coming (year, week)	C
84507	올라가다	To go up, ascend	A
84510	올라서다	Stand up	C
84511	올라오다	Come up	B
84512	올라타다	Board (a plane), get into	C
84519	올려놓다	Put a thing on a place	B
84520	올려다보다	Look up	C
84525	올리다	Raise, lift up	C
84544	올림픽	Olympic	B
84548	올바르다	Be honest, straightforward	C
84553	올여름	This summer	C
84570	올해	This year	A
84583	옮기다	Move, transfer (2)(sickness) communicate, transfer to	B
84590	옳다	To be right, correct	B
84604	옷	Clothes	A
84631	옷차림	Dress, one's way of dressing	C
84672	와	and	B
84742	와이셔츠	A white dress shirt	C
84749	와인	Wine	B
84848	완벽하다	Perfect	B
84859	완성	completion,accomplishment	C
84861	완성되다	To be accomplished	C
84867	완성하다	To accomplish, to end successfully	C
84882	완전	Perfection, completeness	C
84925	완전하다	To be perfect and faultless	C
84929	완전히	completely,perfectly	B
84990	왕	King	B
85063	왕비	Queen	C
85102	왕자	Prince	C
85142	왜	Why?	A
85161	왜냐하면	Because	A
85188	왠지	I don't know why, there is no reason for it	B
85190	외	Except, save for	B
85200	외갓집	one's mother's maiden home	C
85214	외과	Surgery	C
85228	외교	Diplomacy	B
85232	외교관	A diplomat	B
85246	외국	A foreign country	A
85257	외국어	A foreign language; sometimes, only means English	A
85260	외국인	A foreigner, a foreign national	A
85281	외다	To repeat back (an order)	C
85308	외로움	Loneliness	C
85309	외롭다	To be lonely, lonesome	B
85320	외면하다	to neglect, to disregard	C
85324	외모	Outward appearance	C
85345	외부	The exterior, the outside; a barbican	C
85365	외삼촌	An uncle on one's mother's side	B
85417	외아들	The only son	C
85441	외우다	Recite from memory	B
85471	외제	Of foreign manufacture	C
85494	외출	Going out, an outing	B
85497	외출하다	To go out (of doors)	B
85501	외치다	To shout,scream	C
85502	외침	A shout, a cry	C
85520	외할머니	A maternal grandmother	B
85521	외할아버지	A maternal grandfather	C
85544	왼발	The right foot	B
85546	왼손	The right hand	B
85551	왼쪽	The left side	A
85556	요	Right near at hand	C
85585	요구	A demand, claim, request	C
85587	요구되다	To be requested, claimed	C
85599	요구하다	To demand,claim,request	B
85604	요금	A rate, a fare	B
85664	요리	Cooking	A
85677	요리사	A chef, a cook	C
85697	요리하다	To cook (food)	A
85730	요새	recently,lately	B
85773	요약하다	summary,condense,abridge	C
85808	요일	A day of the week not the weekend	A
85837	요즈음	Recently, nowadays	A
85841	요즘	Recently, nowadays	A
85852	요청	a request,demand,claim	B
85854	요청하다	To ask for, to request	C
85893	욕	An insult	C
85913	욕실	A bathroom,a bath	B
85915	욕심	Greed, selfishness	B
85955	욕하다	To insult, to say bad words	C
85959	용	A dragon	C
85972	용감하다	To be brave, courageous	C
85990	용기	A container, a vessel for food	C
85991	용기	Bravery	C
86004	용도	"use,service, ""what are the uses of"" sth"	C
86005	용돈	Pocket money, money for expenses	B
86050	용서	pardon,forgiveness	C
86063	용서하다	To pardon, to forgive	C
86102	용어	Technical terminology	C
86326	우려	to have a lot of worry,anxiety,fear	C
86349	우리	we,our	A
86353	우리나라	Korea	D
86355	우리말	Korean (language)	B
86416	우산	An umbrealla	A
86446	우선	First of all, before everything	B
86480	우수하다	to be superior,excellent	B
86501	우습다	To be funny, amusing	C
86502	우승	First place	B
86515	우승하다	To take first place	B
86521	우아하다	To be elegant,refined	C
86551	우연히	accidentally,by chance	B
86562	우울하다	To be melancholy, gloomy, depressed	B
86570	우유	Milk	A
86623	우정	Feeling of friendship	C
86632	우주	The universe	C
86740	우체국	A post office	A
86761	우편	post,mail	C
86801	우표	A postage stamp	B
86849	운	Fortune, luck, fate	B
86865	운동	Motion, movement	A
86893	운동복	Exercise clothes	B
86902	운동장	Stadium, playground	A
86906	운동하다	To do exercise	A
86910	운동화	Sports shoes	A
86920	운명	fate,fortune	C
86952	운반	conveyance,transport (2) deposition by water or wind	C
87014	운영하다	to manage,administer	C
87053	운전	Driving	A
87059	운전기사	The driver	B
87063	운전사	The driver (of a taxi)	C
87074	운전자	The driver, the operator	B
87077	운전하다	To drive	A
87110	운행	movement,revolution	C
87121	울다	To cry, weep	A
87138	울리다	To ring (a bell) ; to create an echo effect	B
87139	울리다	To make (a baby) cry	C
87152	울산	Ulsan, home of hyundai car company and hyundai shipbuilding in kyungsamnamdo	D
87157	울음	crying,weeping	B
87159	울음소리	Sound of crying	C
87197	움직이다	To move, stir	B
87204	움직임	movement,motion,activity	C
87245	웃기다	To be funny	B
87248	웃다	To laugh, smile	A
87253	웃어른	one's elders	B
87258	웃음	Laughter, a smile	B
87264	웃음소리	The sound of laughing	C
87301	워낙	By nature, primarily, by constitution	C
87312	원	Goodness! Gracious!	C
87313	원	A circle	C
87314	원	A unit of south korean  money, KRW	A
87336	원고	A manuscript	C
87411	원래	originally,primarily	B
87528	원서	An application, a written request	C
87549	원숭이	A monkey	B
87621	원인	A cause,a factor	C
87696	원장	The chief/head (of a 학원)	C
87797	원피스	(one-piece) a dress	B
87799	원하다	To want	B
87850	월	A month	A
87883	월급	Monthly salary	B
87894	월드컵	World cup	B
87935	월세	Monthly rent	C
87939	월요일	Monday	A
87977	웨이터	Waiter	B
87992	웬	What sort of, what kind of	C
87994	웬만하다	To be just only barely passable, fairly good	C
87996	웬일	What cause, what reason	B
88000	위	The upper part, above	A
88001	위	Position, grade, rank	C
88002	위	The stomach	C
88033	위기	A crisis,an emergency situation	C
88054	위대하다	To be great,mighty,grand	C
88068	위로	consolation,solace	C
88089	위로하다	To console, soothe somebody	C
88103	위반	Violation, infringment	B
88107	위반하다	To violate (the law)	C
88111	위법	illegality,a breach of the law	C
88161	위성	A satellite	C
88176	위아래	Up and down	B
88218	위원	A member of a committee	C
88222	위원장	A chairman of a committee	C
88272	위주	Put first in importance ; -oriented, -centered, for the purpose of	C
88279	위쪽	The upper direction	B
88294	위층	the upper floor, upstairs	B
88296	위치	A position, a location	B
88303	위치하다	To be located	B
88331	위하다	To do for the sake of	B
88340	위험	Danger	A
88351	위험성	riskiness,jeapordy	C
88365	위험하다	To be dangerous	A
88368	위협	Menace, threat, intimidation withthe goal of getting sb to do sth	C
88399	윗몸	The upper body	C
88400	윗사람	A superior, one's older somebody	C
88466	유교	Confucianism	B
88508	유난히	uncommon,exceptional	B
88523	유능하다	To be competent,talented	C
88637	유럽	Europe	B
88696	유리	A glass pane	B
88724	유리창	A window which uses glass	B
88730	유리하다	To be profitable, favorable	C
88749	유머	Humor	C
88753	유명	fame,celebrity status	B
88759	유명하다	To be famous	A
88781	유물	A relic, cultural remains	C
88802	유발하다	To induce, bring about, cause	C
88861	유사하다	To be similar, to resemble	C
88862	유산	An inheritence, property left behind	C
89023	유월	June	A
89045	유의하다	To bear in mind, be heedful of	C
89092	유적	Remains, relics,ruins	C
89093	유적지	Place where remains/cultural-historical remnants are	C
89162	유지되다	To be maintained, preserved	C
89169	유지하다	To preserve, maintain	C
89215	유치원	Kindergarten	B
89272	유학	Confucianism	B
89273	유학	Studying abroad	B
89274	유학생	A foreign student	B
89296	유행	Fashion, vogue	B
89307	유행하다	To be in fashion, to be popular	B
89317	유형	A similar type	C
89371	육	The number six	A
89394	육군	The army	C
89449	육상	On land, on the ground; track events	C
89472	육십	Sixty	A
89540	육체	The flesh, the body	C
89551	육체적	Corporeal, of the flesh	C
89718	으레	customarily,habitually	C
89800	으응	Ugh!	B
89804	은	Silver	C
89901	은은하다	To be distant,faint,indistinct	C
89951	은행	A bank	A
89965	은행나무	A ginko tree	C
90002	음	Sound you make to express doubt,worry	B
90048	음력	The lunar calendar	C
90050	음료	A beverage, a drink	B
90053	음료수	Drinking water	B
90085	음반	A phonograph record	C
90099	음성	A voice	C
90143	음식	Food	A
90149	음식물	Anything to eat or drink	C
90161	음식점	Restaurant	C
90162	음악	Music	A
90167	음악가	A musician	B
90255	음주	Drinking (alcohol)	C
90357	응	Yes, i see!	B
90406	응답하다	An answer, a reply	C
90854	의견	An opinion,a suggestion	B
90905	의논	consultation,conference	C
90908	의논하다	To consult,confer with,  talk over a matter	C
90914	의도	An intention, an aim	C
90918	의도적	Purposefully	C
90968	의류	Clothes, dresses; clothing	C
90977	의무	A duty, an obligation	C
90998	의문	A doubt, a suspicion ; a problem	C
91007	의미	A meaning, a sense	B
91023	의미하다	To mean, signify	B
91031	의복	Clothes, garments	C
91048	의사	A firm intention, resolve, a purpose	C
91049	의사	A doctor, a physician	A
91089	의식	Consciuosness, awareness	C
91090	의식	A ceremony	C
91128	의식하다	Be conscious of, be aware of	C
91135	의심	A doubt	C
91157	의심하다	To be suspicious, to doubt	B
91194	의외로	unexpectedly,surprisingly	C
91196	의욕	volition,will,desire	C
91202	의원	A member	C
91226	의자	A chair	A
91275	의존하다	To depend on, rely on	C
91280	의지	will,volition	C
91284	의지하다	To look to, depend on, rely on	C
91295	의하다	To be due to, owing to	B
91296	의학	Medical science	C
91322	이	this,this thing	C
91323	이	A tooth	A
91324	이	A person, a man/woman	A
91325	이	Two	A
91416	이같이	Like this, like so	C
91417	이거	This thing	A
91420	이것	This thing	A
91427	이것저것	This and that, one thing and another	B
91447	이곳	This place, here	A
91450	이곳저곳	Everywhere	B
91501	이기다	To win	B
91531	이끌다	To guide,lead	C
91546	이날	Today, this day	B
91548	이내	within,less than	C
91549	이내	soon,right away	C
91552	이념	An idea, a doctrine, ideology	C
91560	이놈	That rascal!	C
91577	이다음	Next	C
91582	이달	This month	C
91585	이대로	As it is	C
91587	이데올로기	Ideology	C
91598	이동	movement,migration,drift	B
91621	이동하다	To move,migrate,travel	C
91646	이따가	A little later	B
91647	이따금	From time to time	C
91651	이때	At this time, moment	A
91692	이래	Since, after that, hereafter	C
91694	이래서	This way, this direction, here	C
91702	이러다	do/say think this way	C
91704	이러하다	Be this way, be like follows	B
91709	이런	Such, like this	A
91715	이런저런	This and that, one and another	C
91716	이렇게	In this way	B
91717	이렇다	Like this	A
91721	이력서	Curriculum vitae, a resume (for a job)	C
91742	이론적	Theoretical	C
91744	이롭다	Be good for	C
91748	이루다	Accomplish, complete	B
91750	이루어지다	Get accomplished, achieved	B
91752	이룩하다	Erect, build (achieve)	C
91755	이뤄지다	To make something for a specific purpose	B
91772	이르다	To reach, arrive, get at	B
91774	이르다	to be early, premature	B
91775	이르다	to Inform, report, tell	C
91779	이름	Name	A
91802	이리	This way, this direction	B
91816	이리저리	This way and that, here and there	C
91824	이마	Forehead	B
91849	이모	A maternal aunt	B
91872	이미	Already	B
91887	이미지	Image	B
91897	이민	Emigration (moving abroad)	C
91910	이발소	barber's shop	B
91926	이번	this time; soon; recently	A
91939	이별	Parting, separation; divorce	C
91958	이분	Divide into two	A
91962	이불	Bedding, bed clothes	B
91972	이빨	A tooth	B
91973	이사	House-moving	B
91982	이사장	A director (in a company, an executive director), President, Chairman of the board	C
91986	이사하다	To move house	B
92012	이상	Indisposition, abnormal	B
92013	이상	An ideal, a goal; the sane goal, in accordance with a perfect vision	B
92014	이상	More than, above	B
92025	이상적	Abnormal	C
92033	이상하다	To be strange,queer	B
92049	이성	The opposite sex	C
92050	이성	Reason, reasoning	B
92109	이슬	Dew, dewdrops	C
92156	이십	Twenty	A
92172	이야기	Conversation, talk	A
92176	이야기하다	To talk	A
92182	이어	vulgarity,slang	C
92187	이어서	Subsequently, next, continuing	C
92189	이어지다	Get joined, be connected	C
92256	이외	Except, apart from	B
92259	이용	To use	B
92265	이용되다	To be used	B
92274	이용자	A user of sth	C
92278	이용하다	To use, make use of	B
92287	이웃	The neighborhood	B
92303	이웃집	The neighbor's house	B
92319	이월	February	A
92325	이유	Reason	B
92345	이윽고	After a while, shortly	C
92358	이익	Profit	B
92389	이자	Interest	C
92415	이전	Former days/times; the prior/previous one	B
92427	이제	Now	A
92437	이제야	These days	C
92460	이중	duplication,double	C
92573	이쪽	This side, our way	A
92636	이튿날	The second day after	B
92637	이틀	Two days	B
92647	이하	Less than, below	B
92660	이해	pluses and minuses	C
92661	이해	Understanding	B
92662	이해관계	Mutual understanding	C
92663	이해되다	To be understood	C
92670	이해하다	To understand	A
92688	이혼	Divorce	B
92693	이혼하다	To get divorced	B
92720	이후	After that	B
92723	익다	Get familiar with, experienced with	C
92725	익다	Ripe, be ripe	B
92762	익숙하다	To become accustomed to	B
92763	익숙해지다	To become accustomed to	B
92776	익히다	cook,boil	C
92777	익히다	Habituate oneself to, to make used to	C
92780	인	A person	C
92797	인간	A person, a human being	B
92829	인간관계	Human relations	C
92840	인간성	Human nature	C
92860	인간적	Personal	C
92874	인격	Personality, character	C
92887	인공	Art, human skill ; man-made	C
92954	인구	Population	B
92995	인근	The neighborhood	C
93000	인기	Popularity	B
93052	인도	pavement,sidewalk	C
93189	인류	The human race	C
93232	인물	A man, a person	C
93294	인분	How many people counter for at restaurants	B
93295	인사	People, men of society	A
93296	인사	(1) Greetings (2) human resources	A
93301	인사말	Words of greeting, a greeting	B
93317	인사하다	To greet, say hello	A
93324	인삼	Ginseng	B
93325	인삼차	Ginseng tea	B
93326	인상	Impression, imprint	B
93327	인상	pulling/drawing up	C
93328	인상	Look, personal appearance	B
93340	인상적	Impressive	C
93354	인생	Life	B
93377	인쇄	printing,typography	C
93476	인식하다	recognition,cognizance	C
93495	인연	Cause and occasion	C
93509	인원	The number of persons	B
93544	인재	A man of ability	C
93561	인정되다	To be recognized	C
93565	인정받다	To receive recognition	C
93571	인정하다	To acknowledge,authorize; to realize (become aware of sth)	C
93572	인제	Now	C
93598	인종	A human race	C
93663	인천	Incheon city	A
93664	인천공항	Incheon international airport	B
93667	인체	The human body	C
93691	인터넷	Internet	B
93693	인터뷰	Interview	B
93740	인하	reduction,lowering	C
93741	인하다	To be due to, caused by	C
93744	인형	A doll	B
93772	일	Work	A
93773	일	One day	A
93774	일	One	A
93818	일곱	Seven	A
93868	일기	The weather	B
93869	일기	A diary, journal	B
93892	일단	Temporarily	C
93901	일대	One great/large	C
93911	일등	First class, first class/grade	B
94002	일반	universal,common,usual	B
94060	일반인	Of the general public	C
94063	일반적	Universal, general	B
94098	일본	Japan	D
94109	일본어	Japanese	A
94119	일부	A part, a portion	B
94133	일부러	On purpose, intentionally	C
94163	일상	Everyday, usual, ordinary	B
94168	일상생활	Everyday (daily) life	B
94175	일상적	Daily, of the everyday things	C
94180	일생	one's lifetime	C
94192	일손	Work in hand	C
94206	일시적	Of a day	C
94211	일식	Japanese food	C
94233	일쑤	Habitual practice	C
94239	일어나다	To rise, get up	A
94242	일어서다	To rise to one's feet, stand up	C
94256	일요일	Sunday	A
94275	일월	January	A
94283	일으키다	Raise, get up; start, commence	B
94305	일일이	One by one, individually	C
94312	일자	A date, the number of days	C
94316	일자리	A job, position	C
94331	일정	To be fixed, settled, regular	B
94338	일정하다	To be regular, established, uniform ; changeless, constant, certain, definite ; invariable (mathematics)	C
94351	일종	A kind, a sort, a species	C
94373	일주일	One whole day	A
94395	일찍	Early	A
94399	일찍이	Early	C
94420	일체	All, everything, the entirety	C
94439	일치	Agreement, accord	C
94451	일치하다	Agree with, to be in accord with	C
94475	일하다	To work, labor	A
94477	일행	A party, a troupe; a row, a line	C
94496	일회용	For one time use	B
94497	일회용품	A product to be used only once	B
94500	일흔	Seventy	A
94517	읽다	To read	A
94526	읽히다	To get a person to read, to get a person to learn	B
94531	잃다	To lose, to miss, to be deprived	A
94532	잃어버리다	To lose	A
94554	임금	Wages, pay	B
94555	임금	A king, ruler,sovereign	C
94587	임무	A duty, an office, a task	C
94606	임시	Temporary, special	B
94650	임신	Pregnant	B
94664	임신부	An expectant mother	C
94674	임신하다	To be pregnant	C
94747	입	Mouth	A
94767	입구	Entrance	B
94770	입국	Entering a country	C
94786	입다	To wear	A
94790	입대	Enlistment, enrollment	C
94796	입력	entry, input	C
94798	입력하다	To input (data into the computer)	C
94806	입맛	Appetite, taste, palate	C
94848	입사	enter/join a company	C
94853	입사하다	To join/enter a company	C
94881	입술	The lips	B
94894	입시	An entrance examination	C
94933	입원	Hospitalization	B
94943	입원하다	To enter a hospital	B
94965	입장	A position, situation	C
95051	입학	Admission into school	B
95064	입학하다	To enter/be admitted into a school	B
95095	입히다	Clothe, dress	C
95105	잇다	Join, connect	C
95118	잇따르다	Follow one after another	C
95130	있다	To be	A
95131	있다	To be	A
95227	잊다	To forget	A
95228	잊어버리다	To forget	A
95234	잊혀지다	To become forgotten	C
95238	잎	A leaf	A
95288	자	A person	C
95289	자	A ruler (to measure with a ruler); gauge, rule, scale, square, T square	C
95290	자	A chinese character, a letter.thingie (e.g. 감) of an alphabet	C
95291	자	Well!!	B
95302	자가용	For personal/family use	B
95319	자격	Qualification; claim, credential, qualifications	B
95332	자격증	A qualification certificate	C
95396	자극	A stimulus	C
95402	자극하다	To stimulate	C
95431	자기	Oneself, number one, numerouno, self	B
95662	자꾸	Constantly, repeatedly	B
95667	자꾸만	Repeatedly (emphasized)	B
95673	자네	You	C
95676	자녀	one's children	C
95681	자다	To sleep	A
95693	자동	self-acting, self-moving, automatic	B
95811	자동차	Car	A
95887	자라나다	To grow up	B
95888	자라다	To grow up	B
95897	자랑	Pride	C
95904	자랑스럽다	To be proud	B
95911	자랑하다	To be proud	B
95927	자료	materials,data	B
95956	자르다	cut,chop	B
95960	자리	seat,spot	A
95962	자리	A spot at a table	C
95985	자매	Sisters	C
96085	자부심	Pride	C
96106	자살	Suicide	C
96119	자살하다	Commit suicide	C
96156	자세	Position, posture	C
96158	자세하다	Be detailed	C
96159	자세히	In detail	B
96192	자식	one's children	B
96201	자신	Self-confidence	B
96202	자신	one's own self, one`s own body	B
96203	자신감	Self-confidence	C
96244	자연	Nature	B
96309	자연스럽다	To be natural	B
96324	자연적	Natural	C
96341	자연현상	Natural phenomena	C
96343	자연환경	Natural surroundings	C
96344	자연히	Naturally	C
96371	자원	Resources	C
96387	자유	Freedom	B
96453	자유롭다	To be free	B
96509	자율	self-control, autonomy; self-discipline	C
96585	자장면	Black chinese noodles	A
96600	자전거	Bicycle	A
96611	자정	Midnight	C
96628	자존심	Self-confidence	C
96632	자주	frequently	A
96679	자체	one's own body	B
96688	자취	A trace,vestige	C
96734	자판	Keyboard	C
96735	자판기	a vending machine	B
96806	작가	writer,author	B
96833	작년	Last year	A
96836	작다	Small (in stature) 적다: of small volume	A
96877	작성	editing,composition ; filling out a form	C
96879	작성하다	To edit or compose, write up ; to fill out a form	C
96890	작아지다	Become smaller	B
96893	작업	Work	C
96923	작용	action, action, agency, function, influence	C
96929	작용하다	To apply , use	C
97150	작은딸	Younger daughter	C
97157	작은아들	Younger son	C
97158	작은아버지	An uncle younger than your father	C
97159	작은어머니	An aunt younger than your mother	C
97192	작품	A work of art	C
97202	잔	A cup, wine glass	A
97239	잔디	Lawn	C
97243	잔디밭	lawn,grass	C
97245	잔뜩	extremely,to the utmost	B
97339	잔치	banquet,feast	B
97359	잘	Well	A
97463	잘나다	To be handsome,excellent	C
97473	잘되다	To turn out well	B
97492	잘리다	Be snapped,broken,cut off	C
97496	잘못	wrong,mistake	B
97498	잘못되다	To turn out wrong	B
97503	잘못하다	To make a mistake	B
97507	잘살다	To be affluent, well-off	B
97509	잘생기다	To be handsome	B
97520	잘하다	To do well	A
97523	잠	Sleep	A
97535	잠그다	To lock	C
97539	잠기다	Sink in water	C
97540	잠깐	For a little while	A
97541	잠깐	For a little while	A
97563	잠들다	Fall asleep	B
97574	잠바	Jumper	C
97602	잠수함	Submarine	C
97603	잠시	For a little while	B
97604	잠시	For a little while	A
97620	잠옷	Pajamas	B
97632	잠자다	Fall asleep	A
97633	잠자리	Dragonfly	C
97634	잠자리	Bed	C
97682	잡다	seize,catch	A
97719	잡수다	eat,drink	C
97720	잡수시다	eat,drink	A
97752	잡아당기다	Pull	C
97759	잡아먹다	Slaughter and eat	C
97802	잡지	A magazine	A
97826	잡히다	To be caught, arrested, grabbed ; to extinguish a fire	B
97833	장	A chapter in a book	B
97834	장	One piece of sth flat	A
97838	장가가다	to get married	B
97844	장갑	A pair of gloves	B
97873	장관	A government cabinet minister	C
97891	장군	A general	B
97909	장기간	For a long period	C
97920	장기적	Long-term	C
97925	장난	A game,playing	C
97929	장난감	A toy	B
97955	장남	The eldest son	B
98006	장래	The future	B
98029	장례	A funeral	C
98031	장례식	A funeral	C
98056	장르	Genre	C
98060	장마	The rainy spell in the summer	B
98071	장면	A scene, situation	C
98078	장모	A man's mother in law	C
98079	장모님	A man's mother in law	C
98088	장미	A rose	A
98166	장비	equipment,fittings	C
98170	장사	trade,business	B
98173	장사꾼	A trader,merchant,dealer	C
98209	장소	Place	A
98221	장수	A tradesman,merchant	C
98241	장식	Decoration	C
98318	장애인	A handicapped person	C
98366	장인	A man's father in law, the wife`s father	C
98391	장점	A merit,strong point	B
98412	장차	In the future, someday	C
98454	장학금	Scholarship	B
98469	잦다	Be frequent, incessant	C
98618	재능	talent, ability	C
98619	재다	measure,guage	C
98669	재료	stuff,material	B
98701	재미	amusement,enjoyment	A
98706	재미없다	Boring	A
98709	재미있다	interesting,fun	A
98710	재밌다	interesting,fun	C
98786	재빨리	quickly,rapidly	C
98797	재산	property,fortune, assets, possessions	B
98815	재생	revival,restoration to life	C
98875	재수	luck,fortune	C
98938	재우다	Put to sleep	C
98975	재작년	The year before last	B
99000	재정	finances,economy	C
99051	재주	ability,talent	C
99063	재즈	Jazz	C
99102	재채기	a sneeze, sneezing	B
99151	재판	A trial	C
99196	재학	To be in school, be attending school	C
99242	재활용	Recycling	C
99243	재활용품	A recycled product	C
99295	쟤	That kid	B
99296	저	polite first person pronoun, me/I	A
99297	저	Uh, well,  ...	A
99308	저거	That thing over there	A
99309	저것	That thing over there	A
99316	저고리	A coat, korean jacket	C
99318	저곳	That place over there	A
99334	저기	“hey,look here,now”	C
99335	저기	That place, there	A
99346	저녁	Evening	A
99349	저녁때	Evening time	B
99385	저러다	Like that	C
99387	저런	Such a, that sort of	B
99388	저렇게	Like that	B
99389	저렇다	Such a thing as that	B
99397	저리	That place	B
99403	저마다	Each one, everyone	C
99422	저번	Last time, the other day	B
99495	저울	A balance	C
99528	저자	A writer,author	B
99567	저절로	Of itself, on its own accord	C
99603	저지르다	do,commit,spoil	C
99616	저쪽	Over there, in that direction	A
99626	저축	savings,saving	B
99643	저편	that side, direction	C
99689	저희	We	B
99690	적	The time,the occasion,when	B
99691	적	The enemy	B
99713	적극	activity, positive engagement	B
99715	적극적	Positively engaging, actively	B
99724	적다	Write down	A
99725	적다	To be small, few in number	A
99730	적당하다	To be appropriate	B
99731	적당히	suitable,proper	B
99809	적성	Aptitude	C
99851	적어도	At the least	B
99855	적어지다	To become smaller	B
99876	적용	Application	C
99877	적용되다	To be applied	C
99879	적용하다	To apply (sth to sth else)	B
99887	적응	Adaptation	C
99895	적응하다	to be suited to, adapted to	C
99930	적절하다	Appropriateness, relevance	C
99990	적합하다	suitability,fitness	C
100005	적히다	To be recorded,written down	C
100006	전	all,every	C
100007	전	Before	A
100045	전개	unfolding,development,expansion	C
100047	전개되다	To be unfolded,spread out	C
100050	전개하다	To unfold,evolve,spread out	C
100077	전공	Specialty	B
100085	전공하다	To major in something	C
100102	전구	An electric bulb	C
100104	전국	The whole country	B
100114	전국적	National	C
100134	전기	a biography	C
100135	전기	the former period/term	C
100136	전기	Electricity	B
100188	전기밥솥	Electric rice cooker	B
100226	전날	The day before, the day prior	B
100253	전달	Delivery	C
100255	전달되다	To be delivered	C
100259	전달하다	To deliver	B
100332	전라도	South-western region of south korea	D
100409	전망	A view,prospect	C
100414	전망하다	to have a view of, observe	C
100461	전문	A specialty	B
100472	전문가	A specialist	B
100488	전문적	Of a specialist nature	C
100496	전문점	Exclusive store	C
100498	전문직	Specialty job	C
100513	전반	The whole, all, general	C
100517	전반적	over-all, throughout the entirety	C
100546	전부	All, everything	B
100587	전선	The battle line	C
100596	전설	A tradition, a legend	C
100608	전세	renting with a big downpayment and not paying month to month	C
100677	전시	exhibition,display	C
100687	전시되다	To be exhibited,ddisplayed	C
100696	전시장	An exhibition hall	C
100698	전시하다	To display	C
100699	전시회	An exhibition, show, display	C
100774	전용	Exclusive or private use	C
100850	전자	An electron	B
100952	전쟁	War	B
101034	전주	Junju	D
101081	전철	An electric railway (e.g. for subways)	B
101093	전체	The whole, the entire section	B
101103	전체적	entirely,generally	B
101144	전통	tradition,convention	B
101146	전통문화	Traditional culture	C
101155	전통적	Traditional	B
101209	전하다	To transmit,convey	B
101228	전해지다	To be transmitted	B
101244	전혀	entirely,utterly,completely	B
101261	전화	Telephone	A
101267	전화기	the whole phone, or, the  telephone receiver	B
101271	전화번호	Telephone number	A
101281	전화하다	To call on the phone, to make a phone call	A
101283	전환	To exchange, convert, change	C
101292	전환하다	To exchange, to convert, to change over	C
101304	전후	sequence,order,front and rear	C
101316	절	Bow in salutation	B
101317	절	clause,paragraph	C
101318	절	A Buddhist temple	B
101358	절대	Absoluteness	C
101359	절대	Absoluteness	B
101384	절대로	Absolutely	B
101393	절대적	absolute,unconditional	C
101434	절망	despair,hopelessness	C
101457	절반	Half	B
101479	절약	thrift,savings,economy	C
101484	절약하다	To economize	B
101526	절차	process,formalities; 수속	C
101566	젊다	To be young,youthful	B
101571	젊은이	Young person	B
101572	젊음	Youth	C
101574	점	a spot, a blemish	B
101576	점	Store	B
101586	점검	inspection,examination	C
101641	점수	marks,the number of marks	B
101649	점심	Lunch	A
101650	점심때	Lunchtime	B
101651	점심시간	Lunchtime	A
101665	점원	A shop-assistant	B
101697	점잖다	To be dignified,well-bred ; decent	C
101723	점점	More and more, by degrees	B
101755	점차	gradually,in steps	B
101846	접근	Proximity	C
101861	접근하다	approach,get near	C
101875	접다	Fold up	C
101938	접시	A plate,platter	B
102018	접촉	contact,touch	C
102054	접하다	adjoin,be adjacent to	C
102070	젓가락	A pair of chopsticks	A
102076	젓다	To make a sign,gesticulate	B
102078	정	Feeling of attachment	B
102106	정거장	A railroad station, a subway station (?)	B
102185	정기	A fixed time period, regularly scheduled	C
102191	정기적	fixed,regular (time sth)	C
102215	정답	The right answer	B
102220	정당	A political party	C
102232	정도	grade,degree	B
102291	정류장	stop,a station,bus-stop	A
102298	정리	arrangment,regulation,adjustment	B
102302	정리되다	To be adjusted	C
102307	정리하다	To adjust	B
102312	정말	Really	A
102319	정말로	Really	B
102330	정면	The front, the facade	C
102351	정문	The front gate,main entrance	B
102399	정반대	Direct opposition, the exact reverse	C
102414	정보	information,intelligence	B
102474	정보화	Change to an information orientation	C
102488	정부	Government	C
102517	정비	maintaining equipment in good working order, equipment preparation	C
102542	정상	normalcy,normality	C
102543	정상	The top, summit	B
102568	정상적	normal,like usual	C
102603	정성	True heart,devotion ; filled with feeling and heart	C
102640	정식	Formality, due form	B
102651	정신	mind,spirit	B
102720	정신과	Psychiatry	C
102765	정신없이	Feel distracted and scatter-brained	C
102776	정신적	Mental	B
102841	정오	Noon	C
102849	정원	a garden	B
102882	정장	Full dress, uniform	C
102978	정지	stop,an interruption	C
103005	정직하다	honesty,uprightness	C
103088	정치	Politics	B
103108	정치권	Political rights	C
103129	정치인	Politician	C
103131	정치적	Political	B
103147	정치학	Political science	C
103192	정하다	To set,determine	B
103200	정해지다	To be determined, settled	B
103241	정확하다	To be exact	B
103247	정확히	Exactly	B
103255	젖	The breasts	C
103262	젖다	To be wet, soaked	B
103481	제거하다	exclusion,removal	C
103488	제공	An offer	C
103496	제공하다	offer,proffer	B
103499	제과점	Confectionary store	C
103559	제대로	As proper. as is suitable	B
103561	제대하다	Be discharged from the military; ex-service, to be past the military service	C
103574	제도적	Systematic	C
103624	제목	A subject, theme	B
103636	제발	kindly,please	B
103643	제법	quite,fairly,considerably	B
103667	제비	A swallow	C
103681	제사	A holiday ceremony	C
103697	제삿날	Day of the ceremony	C
103716	제시	Presentation	C
103718	제시되다	To be presented	C
103719	제시하다	To present	C
103727	제안	A proposal,suggestion; or, simply offering/giving/stating one`s opinion	C
103732	제안하다	To propose,make a suggestion	C
103738	제약	A condition,restriction	C
103776	제외되다	To be excluded	C
103778	제외하다	To exclude	C
103788	제의	A proposal,an offer ; suggesting a plan	C
103794	제의하다	Make a suggestion, to suggest a plan	C
103797	제일	The first, the most important thing	A
103815	제자	A disciple	C
103818	제자리	The proper/original place	C
103829	제작	manufacture,production	C
103843	제작하다	To produce,manufacture	C
103889	제주도	Tourist island off south S.Korea	D
103924	제출	presentation, submission	C
103927	제출하다	To submit, tender	B
103951	제품	Manufactured goods	B
103970	제한	limits,bounds	B
104029	조	article,clause (e.g. of a constitution, an Act)	C
104030	조	A company,group	C
104039	조각	A piece,scrap,fragment	C
104041	조각	Sculpture	B
104079	조개	shellfish,clam	C
104088	조건	condition,stipulation	B
104136	조그마하다	Be tiny,small	C
104138	조그맣다	Be tiny,small	B
104141	조금	A little	A
104164	조금씩	A little at a time, little by little	B
104191	조기	An early stage,period	C
104192	조깅	Jogging	C
104266	조르다	To tease, urge sb	C
104339	조명	lighting,illumination	C
104369	조미료	seasonings,condiments, extra seasoning	C
104406	조사	investigation,inquiry	B
104422	조사하다	To examine,investigate	B
104441	조상	Ancestors	B
104459	조선	Name for ancient korea culture	C
104523	조심스럽다	Cautious, to be cautious	B
104526	조심하다	To be careful	B
104560	조용하다	To be quiet,still	A
104567	조용히	Quietly	B
104615	조절	regulation,adjustment	C
104630	조절하다	To regulate,tune	C
104632	조정	regulation,control,coordination	C
104646	조정하다	To regulate,adjust,coordinate	C
104707	조직	Organization (composition, structure)	C
104785	조카	Nephew	B
104842	조화되다	in harmony,agreement ; concordant, harmonious, matching, symmetrical	C
104919	존경하다	Respect	C
104926	존댓말	Respectful speech	B
104945	존재	Existence	C
104957	존재하다	To exist	C
104966	존중하다	appreciate,esteem,value	C
104978	졸다	doze,take a nap	B
105000	졸리다	Feel sleepy,drowsy	C
105011	졸업	Graduation	A
105018	졸업생	A graduate	B
105026	졸업하다	To graduate	A
105029	졸음	sleepiness,drowsiness	C
105050	좀	A little	A
105099	좁다	Narrow	B
105112	좁히다	Make narrow,restrict	C
105113	종	A bell	C
105114	종	A sort,kind,species	B
105132	종교	religion,a faith	B
105153	종교적	Of religions	C
105196	종로	Famous street in Seoul	B
105201	종류	kind,sort,species	B
105244	종소리	The sound of a bell	C
105284	종업원	waiter/waitress	B
105292	종이	Paper	A
105304	종이컵	A paper cup	B
105305	종일	All day, throughout the whole day	B
105334	종종	A variety of things	C
105365	종합	Synthesis	B
105374	종합하다	synthesize,integrate	C
105390	좋다	To be good	A
105392	좋아	“That's good”	C
105400	좋아지다	To become better	B
105401	좋아하다	To like, be fond of	A
105433	좌석	A seat	B
105458	좌우	(1) control over sth ; to determine sth by controlling it (2) the 2 sides of the left-and-right	C
105517	죄	A crime, a sin	C
105542	죄송하다	regret,be sorry for	A
105561	죄인	A criminal	C
105575	주	one's master, ones employer	C
105577	주	One week	A
105620	주거	residing,dwelling	C
105645	주고받다	Give and receive, exchange	C
105657	주관적	Subjective	C
105719	주년	One whole year	C
105730	주다	To give, to do for a person	A
105779	주로	principally,mainly	B
105796	주름	Wrinkles	C
105806	주름살	Wrinkles	C
105856	주말	the weekend	A
105863	주머니	Pocket	B
105877	주먹	Fist	B
105900	주무시다	To sleep (respectful word)	B
105901	주문	An incantation, a spell	C
105903	주문	An order, a request	C
105924	주문하다	To order, to request	B
105933	주민	inhabitants,dwellers	C
105941	주방	A kitchen, a cookroom	C
105948	주변	A circumference	B
105975	주부	A wife	B
105985	주사	A shot, an injection	B
106058	주소	An address	A
106071	주스	Juice	A
106075	주식	Stock	C
106110	주어지다	To offer, proffer (conditions)	C
106140	주요	The major, the chief thing	B
106160	주요하다	To be chief,principal,leading	C
106169	주위	The circumference,the girth	B
106192	주의	attention,notice	C
106202	주의하다	Pay attention to	C
106206	주인	The head of a family,the owner	A
106211	주인공	The head of a family, the hero/heroine	B
106217	주일	A weekday (e.g. Monday)	C
106248	주장	assertion,insistance	C
106255	주장하다	To assert,maintain	B
106268	주저앉다	Sit down, plump down	C
106276	주전자	A kettle, a teakettle	C
106297	주제	subject, theme, topic	B
106336	주차	Parking	B
106348	주차장	Parking lot	B
106349	주차하다	To park	B
106394	주택	A house	B
106435	주한	Residing in korea	C
106479	죽	In a very straight line, in a row	C
106480	죽	Rice porridge	B
106489	죽다	Lose your spirit	B
106490	죽다	die,pass away	A
106511	죽음	Death	B
106517	죽이다	To kill	B
106575	준비	Preparation	A
106601	준비되다	To be ready	B
106605	준비물	Stuff that needs to be prepared	B
106621	준비하다	To prepare	A
106680	줄	way,method	B
106681	줄	Line, row, chord	B
106687	줄거리	A stalk, a stem	C
106688	줄곧	All the time, all through, repeatedly, constantly	C
106689	줄기	A trunk, stem, stalk	B
106710	줄다	Diminish	B
106717	줄무늬	A stripe	B
106738	줄어들다	Dwindle away; to reduce	C
106743	줄이다	reduce,decrease	B
106775	줍다	Pick up, gather	B
106783	중	The center, the middle	B
106790	중간	In the middle	B
106889	중계방송	A relay, a hookup	C
106919	중국	China	A
106935	중국어	Chinese	A
106938	중국집	Chinese restaurant	B
106962	중년	Middle-aged	C
106978	중단	interruption,suspension	C
106980	중단되다	To be suspended,stopped	C
106986	중단하다	To interrupt, to stop	C
106998	중대하다	importance,gravity	C
107016	중독	Poison	C
107103	중반	At the middle stage (of a game or contest, or otherwise)	C
107116	중부	The center, middle part	C
107172	중세	The middle ages	C
107196	중소기업	Small and medium enterprises	C
107210	중순	The second 10 days in a month	C
107214	중식	Chinese food	C
107217	중심	The nucleus, the focus, the heart	B
107253	중심지	A central place	C
107266	중앙	The middle and the heart	C
107324	중얼거리다	Mutter to oneself	C
107333	중요	importance,consequence	B
107343	중요성	importance,gravity	B
107346	중요시하다	Attach great importance to	C
107349	중요하다	To be important,weighty	A
107484	중학교	Middle school	A
107485	중학생	Middle school student	A
107539	쥐	Mouse	B
107555	쥐다	To hold,seize	B
107594	즉	namely,that is to say, i.e. (X 즉 Y means that x and y are the same thing)	B
107610	즉석	instantly,impromptu	C
107633	즉시	At once,immediately	B
107658	즐거움	pleasure,merriment	B
107661	즐거워하다	To enjoy it	B
107668	즐겁다	To be pleasant, agreeable	A
107672	즐기다	Enjoy oneself,take pleasure,delight	B
107684	증가	An increase,augmentation	C
107692	증가하다	to increase,rise,grow	C
107701	증거	evidence,proof	C
107707	증권	securities,document,deed	C
107728	증권사	Securities corporation	C
107799	증명하다	To prove,show,bear	C
107819	증상	Symptoms	B
107822	증세	Symptoms, a patient's condition	B
107900	지	since,from	B
107906	지각	perception,consciousness	C
107945	지갑	A purse,wallet	A
107957	지겹다	To be tedious,tiring	C
107959	지경	A boundary,situation,state	C
107974	지구	A district,a region, an area	B
107975	지구	The earth, the planet earth	B
108045	지극히	very,extremely	C
108056	지금	Now	A
108062	지금껏	So far, till now	C
108067	지급	supply,pay	C
108078	지급하다	To pay,allow,furnish sth	C
108101	지나가다	To pass, elapse	B
108106	지나다	pass,elapse,go on	B
108110	지나치다	Go too far, to go to extremes (2) to let sth by	C
108120	지난날	Old days, old times	C
108125	지난달	last month	A
108126	지난번	last time	B
108130	지난주	last week	A
108131	지난해	last year	B
108133	지내다	To pass, spend time	A
108139	지능	intelligence,intellect, raw intelligence	C
108143	지니다	Carry with, hold, possess	C
108144	지다	To fade away, come off	C
108145	지다	Carry (on the back)	B
108147	지다	Set (the sun)	B
108148	지다	To lose (at war, a game)	B
108155	지대	Zone, belt, district	C
108166	지도	Instruction, guidance	C
108167	지도	Map, atlas	A
108190	지도자	Leader	C
108205	지도하다	To lead, instruct	C
108268	지루하다	Be tedious	C
108275	지르다	Holler, yell, scream	B
108288	지름길	A shortcut	C
108300	지리산	Chili mountain, very beautiful	D
108367	지방	Fat, grease, lard	C
108368	지방	A locality, district	B
108496	지배하다	Control, direct	C
108539	지불하다	To pay	C
108541	지붕	A roof	B
108675	지속되다	Be lasting a long time, be continous	C
108679	지속적	Continuous	C
108689	지시	Directions, orders	C
108701	지시하다	To direct, instruct	C
108702	지식	Knowledge, information	C
108705	지식인	An intellectual	C
108726	지역	An area, region	B
108802	지우개	An eraser	A
108803	지우다	To erase	A
108804	지우다	Put a thing on a person's back	C
108817	지워지다	To be erased	C
108818	지원	helping, supporting, aiding	C
108839	지원하다	To desire, aspire, hence to apply for [e.g. a job] or volunteer for sth	C
108841	지위	Position, status	C
108869	지저분하다	Be messy, soiled, dirty	C
108870	지적	Intellectual, brainy	C
108871	지적	Pointing out, indication	C
108880	지적되다	To be pointed out to	C
108888	지적하다	To indicate, point out ; to indicate as a cause, to give special mention to	C
108893	지점	Branch store	C
108894	지점	A spot, point	B
108948	지지	support,backing	C
108977	지진	Earthquake	C
109039	지출	Expenses, expenditure	C
109059	지치다	Be exhausted, fatigued	B
109077	지켜보다	Watch, stare at ( wait on some situation)	C
109084	지키다	Protect, maintain	B
109107	지폐	Paper money	C
109129	지하	Underground	A
109149	지하도	Underground road	B
109171	지하철	the subway	A
109210	지혜	Wisdom, wits	C
109314	직선	A straight line	C
109336	직업	An occupation, calling	B
109361	직원	a staff member, a white collar worker	B
109368	직장	one's work place	B
109372	직장인	A worker	C
109373	직전	Just immediately before	C
109375	직접	Directly	B
109380	직접적	Directly, immediately	C
109404	직후	Immediately after	C
109445	진급	Promotion	C
109456	진단	Diagnosis	C
109466	진단하다	To diagnose	C
109468	진달래	Azalea	B
109476	진동	vibration,shake	C
109504	진로	A course,direction,path	C
109505	진료	Medical examination and treatment	C
109514	진리	A truth, a fact	C
109583	진실	Truth, sincerity	C
109585	진실로	Truly, honestly	C
109595	진실하다	Be true, truthful	C
109596	진심	The whole heart, sincerity	C
109730	진지하다	To be serious, earnest	C
109732	진짜	Real, authentic (not fake)	B
109733	진찰	A medical diagnosis, investigation	C
109742	진출	An advance	B
109745	진출하다	Penetrate into, advance (2) to make one's appearance in a new circle or direction	C
109755	진통	Labor pains, travail	C
109775	진하다	Be dark, deep	B
109784	진행	Progress, advance	C
109787	진행되다	To have progressed, be advanced	B
109792	진행자	Leader of the performance	C
109798	진행하다	Advance, proceed	B
109840	질	Quality, character	B
109866	질문	A question, a query	A
109878	질문하다	Ask a person a question	A
109881	질병	A disease, sickness	C
109898	질서	Order, system	B
109922	질적	Qualitative	C
109950	짐	Luggage ; what is on a person	B
109984	짐작	guess,conjecture	C
109987	짐작하다	To guess, infer	C
109994	집	House	A
110038	집다	Pick up	B
110039	집단	A group, a collective body	C
110067	집단적	Collectively (of people)	C
110133	집안	Inside the house	B
110144	집안일	Housework	C
110152	집어넣다	to put in, to cram into the inside of	C
110205	집중	Concentration	B
110211	집중되다	To concentrate	C
110224	집중적	Related to the concentration	C
110234	집중하다	To concentrate	C
110304	짓	Something you do	B
110313	짓다	To make, build ; to form a line (a group)	B
110392	짙다	Be dark, dense	B
110402	짚다	Feel, examine	C
110432	짜다	Form, organize	C
110433	짜다	Squeeze, press out	C
110434	짜다	To be salty	A
110447	짜증	Annoyance	B
110455	짜증스럽다	To be annoying	C
110459	짝	One pair, one couple	C
110495	짧다	Short, brief	A
110496	짧아지다	To become short	B
110525	쩔쩔매다	To be at a loss, be confused	C
110549	쪽	A portion, a side	C
110550	쪽	A side, direction	B
110551	쪽	Way, direction	A
110579	쫓겨나다	Chase away ; to fire from your job	C
110584	쫓기다	To be chased, be driven	C
110586	쫓다	Drive away, chase off	C
110610	쭉	All the time	C
110625	찌개	A pot stew	A
110631	찌꺼기	drugs,sediments,remnants (tea grounds)	C
110636	찌다	To put on weight	B
110637	찌다	chop,hack	C
110640	찌르다	to stab,thrust	B
110660	찍다	Stamp with a dojang	A
110674	찍히다	Get sealed, stamped	C
110706	찢다	Tear, rend, split	C
110711	찢어지다	To be torn, rent	C
110718	차	order,sequence,degree	C
110719	차	A vehicle, train/auto car	A
110720	차	difference,margin	C
110721	차	Tea	A
110738	차갑다	Cold	B
110763	차남	one's second eldest son	B
110776	차다	To be full, to be filled with (PASSIVE)	C
110778	차다	to kick	B
110780	차다	Put on, fasten,wear	C
110781	차다	cold,chilly	B
110805	차라리	rather,preferably	C
110807	차량	vehicles,cars ; a car, a vehicle	C
110814	차례	(1) order,precedence  (2) one time, one round	B
110826	차리다	Make ready,prepare	B
110830	차림	Appearance of clothes or worn objecs	C
110831	차마	For all the world, can't stand sth, can't endure sth	C
110839	차별	distinction,differentiation	C
110863	차선	A traffic lane	C
110903	차이	difference,disparity	B
110908	차이점	A point of difference	C
110958	차차	Gradually	C
110969	차창	car/train window	C
110980	차츰	gradually,step by step	C
111004	착각	Hallucination, illusion	C
111005	착각하다	To misunderstand, to deceive oneself, to be having illucinations	C
111089	착하다	To be nice	B
111108	찬물	Cold water	B
111120	찬성	approval,assent	C
111128	찬성하다	To approve, support (a plan)	C
111169	참	At the point of, when	C
111170	참	In reality	B
111171	참	really,truly	A
111175	참가	participation,joining	C
111181	참가하다	To take part in, join	B
111197	참고하다	To refer, consult	C
111207	참기름	Sesame oil	B
111213	참다	Bear, endure	B
111220	참되다	To be true, honest, faithful	C
111250	참새	A sparrow	C
111253	참석	Attendance, participation	C
111254	참석자	Persons present	C
111255	참석하다	To attend, take part in	B
111265	참여	Participation	C
111271	참여하다	To participate in, take part in	C
111274	참외	A melon	C
111276	참으로	really,indeed	C
111297	참조	reference,comparison	C
111345	찻잔	A teacup	B
111352	창	Window	C
111358	창가	Next to a window, or, the window's edge	C
111366	창고	A warehouse,storehouse	B
111369	창구	A window	C
111395	창문	A window	A
111405	창밖	Outside the window	B
111457	창작	Creation, origination	C
111472	창조	Creation	C
111483	창조적	Creatively	C
111487	창조하다	Create	C
111502	창피하다	To be ashamed	C
111509	찾다	seek,look for	A
111516	찾아가다	To go to a place to meet somebody	B
111518	찾아내다	To find out, discover	B
111521	찾아다니다	To go around to meet somebody or see places	C
111524	찾아보다	To go meet somebody	B
111526	찾아오다	To go meet somebody, to go get sth	B
111530	채	House counter	C
111531	채	Still, not yet	C
111532	채	As it is, no change	C
111564	채널	Channel	B
111594	채소	vegetables,greens	B
111616	채우다	To fill up, complete, fulfill	B
111631	채점	marking,grading,scoring	C
111680	책	A book	A
111687	책가방	Bookbag	B
111709	책방	Reading room	B
111714	책상	On the desk	A
111725	책임	Responsibility	B
111726	책임감	a feeling of responsibility	C
111730	책임자	the person responsible	B
111734	책임지다	To take responsibility for, accept responsibility for	C
111750	챔피언	Champion	B
111757	챙기다	gather,collect, assemble your stuff; to amass (money, a collection)	B
111774	처녀	A virgin, a young maiden	C
111803	처리	handling,treatment	C
111828	처벌	punishment,penalty	C
111848	처음	First	A
111873	처지	A situation,circumstances	C
111893	척	To appear or look as	C
111894	척	A few ships (vessels)	C
111947	척하다	The preceding verb is a lie	C
111950	천	Cloth, woven stuff	C
111951	천	Thousand	A
111992	천국	Heaven	C
112021	천둥	Thunder 뇌성 ( lightning is 번개 )	C
112201	천장	The ceiling	C
112205	천재	"a genius, ""talent"""	C
112258	천천히	Slowly	A
112320	철	season, time of the year	B
112321	철	Discretion, prudence (Become sensible, wise)	C
112322	철	Steel	C
112374	철도	Railroad	C
112489	철저하다	thoroughness,cleanliness	C
112490	철저히	Thoroughly	C
112536	철학	Philosophy	C
112544	철학자	Philosopher	C
112546	철학적	Philosophical	C
112617	첫	First	B
112619	첫날	The first day	B
112622	첫째	The first	A
112623	첫째	The first	A
112667	청년	A young man, a youth	B
112723	청바지	Blue jeans	A
112762	청소	Cleaning	A
112769	청소기	A vacuum cleaner	B
112770	청소년	Young boys and girls, teenagers	B
112781	청소하다	To clean	A
112869	청춘	youth,the springtime of life	C
112883	청하다	ask,request	C
112913	체계적	Systematic, organizational	C
112938	체력	Physical strength	C
112988	체온	Body temperature	C
113002	체육	Physical education	B
113006	체육관	Gymnasium	C
113051	체조	Gymnastics	C
113056	체중	Body weight	B
113118	체하다	(1) pretend,feign (2) to have an upset stomach	C
113121	체험	An experience	C
113124	체험하다	To experience, to undergo	C
113149	쳐다보다	To look up at	B
113165	초	Initial, in the beginning, first	B
113167	초	A second	B
113259	초기	The early days, the initial period	C
113294	초대	the founder or the period associate with him	C
113295	초대	An invitation	A
113304	초대하다	To invide	A
113314	초등학교	Elementary school	A
113315	초등학생	An elementary school student	C
113331	초록색	Green	B
113358	초반	The opening part (of a game of baduk)	C
113362	초밥	Japanese vinegared rice vegetables	B
113370	초보	Initial, first steps	B
113376	초보자	A beginner, neophyte	B
113399	초상화	A portrait, a picture	C
113419	초순	The first third of a month	C
113448	초여름	Early summer	C
113461	초원	A plain, a prarie	C
113536	초저녁	Early in the evening	C
113547	초점	A focus, a focal point	C
113567	초조하다	Be impatient, irritated	C
113583	초청	An invitation	C
113586	초청장	An invitation (card)	B
113588	초청하다	To invite	C
113599	초콜릿	Chocolate	A
113723	촌스럽다	Unfashionable	C
113751	촛불	Candle-light	C
113756	총	all,entire,whole	C
113757	총	A gun	C
113761	총각	A bachelor, an unmarried man	C
113814	총리	General overseeing, presiding over	C
113908	총장	The president, the chancellor (university's)	B
113974	촬영	Photographing, taking pictures/films	B
114005	최고	The best	B
114028	최고급	The highest grade/class	C
114061	최근	Recently	B
114076	최대	The greatest, the largest	B
114088	최대한	At the most, at the maximum	C
114117	최상	The best, the finest	C
114134	최선	The best, one's best	B
114137	최소	At the least, the minimum	C
114148	최소한	Atleast	B
114151	최신	Newest, the latest	C
114170	최악	The worst	C
114195	최저	The lowest, the minimum/lowest price	C
114224	최종	last,final,terminal	C
114249	최초	In the very first, in the beginning	B
114278	최후	The last, the end, the conclusion	C
114312	추가	An addition	C
114319	추가되다	To be added	C
114328	추가하다	To add sth, to supplement	C
114368	추다	To dance	A
114454	추석	Korean thanksgiving	C
114477	추억	Memory	B
114489	추위	Cold	B
114525	추진	Propulsion, drive	C
114533	추진하다	To propel, drive forward	C
114536	추천	A recommendation	C
114546	추천하다	To recommend, say a good word for	C
114563	추측	Guess, conjecture	C
114606	축구	Football	A
114611	축구공	A soccer ball	B
114616	축구장	Soccer field	C
114662	축소	Reduction, a cutback	C
114703	축제	a festival	B
114733	축하	Congratulation, celebration	B
114743	축하하다	To Congratulate sb	A
114782	출구	An exit	B
114783	출국	Leaving a country	C
114785	출근	Going to work	B
114787	출근하다	To go to work	B
114809	출발	To start (a journey,trip)	B
114815	출발점	The starting point of a trip	C
114816	출발하다	To depart, shove off, have started on a trip	A
114824	출산	Child birth	C
114853	출석하다	attendance,presence	C
114865	출신	A native, place one is from	C
114874	출연	Going on stage	C
114880	출연하다	Appear on stage, act, sing	B
114885	출입	Coming and going	B
114888	출입국	Entry into a country	C
114893	출입문	Door for exiting and entering	B
114902	출장	A business trip	B
114925	출퇴근	Go to and come from the office	C
114928	출판	Publication, publishing	C
114935	출판사	A publishing company	C
114963	출현하다	Appearance, turning out	C
114970	춤	Dance	A
114973	춤추다	To dance	A
114978	춥다	To be cold	A
114984	충격	An impact, a shock	B
114995	충격적	Shocking	C
114998	충고	Advice, counsel, suggestion	C
115009	충돌	A collision, clash; discord	C
115016	충돌하다	Collide, clash with	C
115039	충분하다	To be sufficient, ample	B
115041	충분히	Enough, sufficiently	B
115103	충청도	Area around daejon city	D
115152	취미	a hobby	A
115172	취소	Cancellation, anulment	B
115174	취소하다	To cancel, calloff	B
115183	취업	Employment, finding a job	C
115201	취재	Selection, picking out of news articles (by a reporter)	C
115216	취직	Employment, getting a job	B
115230	취하다	To be drunk	B
115231	취하다	To adopt, assume, take ; to take, to have	B
115245	취향	Taste, liking, one's inclinations	C
115353	층	floor,grade,class	A
115400	치과	A dentist	B
115431	치다	(a storm, strong wind, rain, lightning) to strike, hit	C
115435	치다	to attack, assault	A
115437	치다	to count, reckon, calculate	C
115448	치료	Medical treatment, medical care	B
115457	치료법	A curative means	C
115470	치료하다	To cure, heal, treat a patient	B
115478	치르다	Pay off, pay one's bill	C
115481	치마	A skirt	A
115538	치아	A tooth	C
115547	치약	Toothpaste	A
115568	치우다	VST + Do away with, get rid of	C
115569	치우다	Straighten up, tidy, remove	B
115604	치즈	Cheese	B
115672	친구	A friend	A
115757	친절	Kindness, goodness	B
115760	친절하다	To be kind, to be nice	A
115765	친정	A woman's maiden home and family	C
115771	친척	Relatives	B
115786	친하다	To be intimate, familiar, close, friendly	B
115793	친해지다	To get close, to get friendly	C
115803	칠	Seven	A
115843	칠십	Seventy	A
115849	칠월	Month of July	A
115863	칠판	The blackboard	A
115874	칠하다	Paint, coat	C
115880	침	a spit	C
115893	침대	A bed	A
115918	침묵	Silence; tacity, being implicit	C
115950	침실	Bedroom	B
115982	침착하다	Self-possession, composure	C
116015	칫솔	A toothbrush	A
116024	칭찬	Praise, admiration	B
116026	칭찬하다	To praise somebody	C
116065	카드	Card	A
116088	카레	Curry	B
116145	카메라	Camera	A
116241	카운터	Counter, where you pay	B
116323	카페	Cafe (place to drink coffee)	B
116354	칸	Blank space	C
116375	칼	A knife	A
116387	칼국수	Knife-cut noodles	C
116456	캄캄하다	To be pitch-black	C
116463	캐나다	Canada	A
116520	캐릭터	Character	C
116593	캠퍼스	Campus	B
116594	캠페인	Campaign	C
116640	커다랗다	To be very big/large	B
116672	커지다	To become bigger	B
116679	커튼	Curtain	B
116689	커피	Coffee	A
116717	컨디션	Condition	C
116752	컬러	Color	C
116780	컴퓨터	Computer	A
116785	컵	cup	A
116847	케첩	Ketchup	C
116890	켜다	To light, turn on, kindle	A
116891	켜지다	To become turned on	B
116895	코	The nose	A
116914	코끝	The tip of one's nose	C
116915	코끼리	An elephant	B
116921	코너	Corner	B
116952	코드	Code	C
117034	코미디	Comedy	C
117064	코스	Course	C
117065	코스모스	Cosmos	C
117105	코치	Coach	C
117154	코트	Court	C
117185	코피	A nose bleed	B
117211	콘서트	Concert	B
117258	콜라	Cola	A
117335	콤플렉스	Complex	B
117362	콩	A bean	B
117379	콩나물	Bean sprouts	B
117409	쾌감	A pleasant sensation, a good feeling	C
117455	쿠데타	Coup d'etat (overthrow of the government)	C
117604	크기	Size, dimensions	B
117609	크다	To be big, large	A
117784	크리스마스	Christmas	A
117838	크림	Cream	C
118061	큰길	main/principal road	B
118079	큰딸	Oldest daughter	C
118110	큰소리	A loud voice, loudly	B
118125	큰아들	Oldest son	C
118126	큰아버지	Uncle older than one's father	C
118129	큰어머니	The wife of the elder brother of one's father	C
118135	큰일	An important affair, a serious matter	B
118143	큰절	A deep bow	C
118188	클래식	Classic	C
118198	클럽	Club	C
118298	키	stature,height	A
118322	키스	Kiss	C
118329	키우다	To raise, bring up, rear	B
118365	킬로	Kilo	B
118367	킬로그램	Kilogram	B
118371	킬로미터	Kilometer	B
118422	타고나다	Be born, gifted/endowed with	C
118447	타다	Burn, blaze (firewood)	C
118448	타다	Ride (bus)	A
118450	타다	Put in, mix, dissolve	C
118452	타다	Get, receive, take your share of the money (회사에서 월급을 타다)	C
118481	타락	depravity,corruption,degradation	C
118578	타오르다	Blaze, light up	C
118651	타입	Type	C
118660	타자기	A typewriter	C
118729	탁	(1) With a bang, with a snap (2) widely	C
118733	탁구	ping-pong,table tennis	C
118767	탁월하다	Be excellent, prominished	C
118770	탁자	A table, desk	C
118843	탄생	Birth	C
118848	탄생하다	To be born	C
119042	탈출하다	To escape, get away from	C
119145	탑	A tower	B
119157	탓	fault,blame	C
119204	태권도	Tae kwon do	A
119215	태도	attitude,comportment	B
119254	태아	A fetus, an unborn child	C
119266	태양	The sun	B
119320	태어나다	To be born, see the light of day	A
119336	태우다	To take in a car, give a ride to	B
119337	태우다	Burn, commit to flames	B
119375	태풍	Typhoon	B
119398	택시	Taxi	A
119411	택하다	Choose, select	C
119417	탤런트	Talent	B
119443	터	one's status, one's lot	B
119444	터	A site, place	C
119447	터널	Tunnel	B
119462	터뜨리다	Break, burst,explode	B
119474	터미널	Terminal	B
119499	터지다	Break, be torn, get away from	C
119524	턱	Reason, grounds	C
119525	턱	The chin	B
119552	털	Hair; fur, feathers	B
119564	털다	To shake off, brush off (and make airborne)	B
119622	텅	Hollow	C
119641	테니스	Tennis	A
119662	테러	Terror	C
119700	테스트	Test	B
119706	테이블	Table	A
119718	테이프	Tape	B
119749	텍스트	Text	C
119760	텔레비전	Television	A
119840	토끼	A rabbit	B
119850	토대	A foundation, a base	C
119865	토론	A debate, discussion	B
119872	토론자	A debator, a disputant	C
119875	토론하다	To debate, discuss	C
119877	토론회	A debating society/contest	C
119886	토마토	Tomato	B
119943	토요일	Saturday	A
120039	토하다	To vomit	C
120054	톤	a ton	B
120104	통	Counters for letters	B
120106	통	A tub, a cask	B
120127	통계	Statistics	C
120143	통과	Passage	C
120149	통과하다	to pass through	C
120197	통로	A passage, a way, an aisle	C
120264	통신	communications,correspondance	B
120307	통역	Interpreting	C
120328	통일	Unification (esp. of the 2 Koreas)	B
120338	통일하다	To unify, consolidate	C
120339	통장	A bankbook (check register)	B
120347	통제	control,regulation	C
120377	통증	An ache, pain	C
120449	통하다	Run, lead; flow; go through ; because, as a result of	B
120456	통합	Unity,unification	C
120491	통화	Currency, the unit of circulation	C
120492	통화	Conversation by telephone	C
120545	퇴근	Leaving one's office, coming home from work	B
120548	퇴근하다	To go home from work	B
120573	퇴원	Leaving the hospital	C
120574	퇴원하다	To leave the hospital	C
120600	퇴직금	Retirement grants	C
120720	투명하다	To be transparent, clear	C
120820	투자	Investment	C
120864	투표	vote,voting	C
120940	튀기다	To fry; splash, splatter	C
120942	튀김	Batter-fried food	C
120949	튀다	Spring, bound, jump	C
120957	튀어나오다	Jump out, spring out	C
121022	트럭	Truck	C
121113	트이다	to get cleared out, to open up	C
121141	특급	In a special class	C
121178	특별	Be special, extraordinary	B
121236	특별하다	To be special, extraordinary	B
121238	특별히	Especially	B
121258	특성	A special/unique characteristic (individuality making, peculiarity)	C
121263	특수	characteristic,distinct,unique	C
121278	특수성	Particularity, distinctiveness	C
121303	특이하다	Be peculiar, special, unique	C
121313	특정하다	to specify	C
121331	특징	A special feature, a distinguishing feature	B
121371	특히	Especially	B
121380	튼튼하다	Solid, compact, firm	B
121382	튼튼히	Strongly, firmly	C
121383	틀	A frame, framework; mold ; framing	C
121385	틀다	To twist, wind	B
121388	틀리다	To be turned, warped 2) go wrong, be mistaken	B
121397	틀림없다	No mistaking it	B
121399	틀림없이	No mistaking it	C
121417	틈	A crack, gap, opening	C
121458	티브이	TV	A
121461	티셔츠	T-shirts	B
121493	팀	Team	A
121503	파	Onions	B
121531	파괴하다	Destruction, demolition	C
121557	파다	To dig	C
121562	파도	Waves, billows	B
121632	파란색	blue	A
121637	파랗다	o be blue	B
121657	파리	Paris	D
121658	파리	A fly	B
121797	파악하다	Grasp, seize, understand	C
121872	파일	File	B
121899	파출소	Small, local police box	C
121937	파티	Party	A
121976	판	a match, game, contest	C
121977	판	a board	C
121983	판결	A judgment (from a judge)	C
122003	판단	A judgment, a conclusion	B
122013	판단하다	To make a conclusion	C
122036	판매	Sale, selling	B
122047	판매되다	To be sold	C
122068	판매하다	To sell	B
122077	판사	A judge	C
122144	팔	An arm	A
122145	팔	Eight	A
122169	팔다	To sell	A
122208	팔리다	To be in demand, to be sold	B
122235	팔십	80	A
122240	팔월	August	A
122273	팝송	Pop song	C
122345	패션	Fashion	B
122395	팩	Pack	B
122396	팩스	Fax	C
122397	팩시밀리	Facximile, fax	C
122398	팬	a fan, an enthusiast	B
122399	팬	a pan	B
122409	팬티	Panties (male and female underwear)	B
122484	퍼센트	Percent	A
122497	퍼지다	Spread out, get broader	C
122506	퍽	Very, very much	C
122723	페인트	Paint	C
122837	펴내다	Publish, bring out in print	C
122839	펴다	Spread out, unfold	B
122846	편	Direction, way (the wind is blowing that ~)	C
122847	편	Facilities, services	C
122848	편	Compilation, editing	B
122851	편견	A prejudice, a bias	C
122898	편리하다	To be convenient, handy	B
122955	편안하다	To be peaceful	B
122967	편의	Convenience, expediency	C
122972	편의점	Convenient store	C
123007	편지	Letter	A
123076	편하다	Untroubled from cares	B
123092	편히	Easily, comfortably	B
123094	펼쳐지다	Stretch, extend away	B
123099	평	a Pyeong, a square area about 2 square meters	C
123100	평	A criticism	C
123102	평가	Evaluation, appraisal	C
123109	평가되다	To be appraised	C
123123	평가하다	To evaluate, estimate, judge	C
123137	평균	Average	C
123220	평범하다	Plain, average	B
123233	평상시	Normally	C
123240	평생	A lifetime	B
123248	평소	Ordinary times, ordinarily	B
123270	평양	Capital of north korea	D
123293	평일	A weekday	B
123376	평화	Peace	B
123389	평화롭다	To be peaceful	C
123536	폐지	Abolition, to not use, to do away with	C
123612	포근하다	To be soft and comfortable, downy	C
123619	포기하다	To give up, to abandon	B
123633	포도	grape(s)	A
123667	포도주	Grape wine	B
123803	포스터	Poster	B
123862	포인트	Point	C
123878	포장	packing,wrapping	B
123895	포장마차	A wheeled snack bar on the street	C
123950	포크	Fork	C
124007	포함	inclusion,comprehension	C
124010	포함되다	To be included in	B
124014	포함하다	To include,contain	B
124037	폭	Width; range	B
124051	폭넓다	To be broad	C
124068	폭력	voilent,brute force	C
124292	표	A marker, indication	C
124293	표	A marker, indication	A
124334	표면	Front, surface, exterior	C
124392	표시	A sign,signal	C
124393	표시	A sign, signal	C
124408	표시하다	To make a sign, display	C
124409	표시하다	To make a sign, display	B
124444	표정	Facial expression, look	B
124458	표준	A standard, norm, criteria	C
124498	표현	Verbal expression, representation, manifestation	B
124502	표현되다	To have been expressed	C
124519	표현하다	To express, make known by saying	B
124532	푸다	Dip out, bail out	C
124547	푸르다	To be blue, to be green	B
124585	푹	Completely, entirely rested (deep sleep, long rest)	B
124596	풀	Glue (spread the ~)	B
124597	풀	Grass (cut the ~)	B
124619	풀다	Untie, loosen ; to melt into ; to solve a problem	B
124630	풀리다	To come loose	B
124667	풀어지다	To get loose; to turn soft (noodles)	C
124688	품	Width; bosom, breast (the clothes have a big ~)	C
124695	품다	To hold, embrace	C
124696	품목	The name of an article, a list of articles	C
124709	품질	quality, The quality of the article ( but not the article itself)	C
124726	풍경	Landscape, scenery	B
124771	풍부하다	To be abundant, copious, plentiful	C
124786	풍속	Manners, customs, morals	C
124804	풍습	customs,manners,practices ; a ritual, rituals	C
124902	프랑스	France	D
125008	프로	Professional	B
125009	프로	Program	B
125020	프로그램	Program	B
125205	프린터	Printer	C
125228	플라스틱	Plastic	B
125343	피	Blood (is flowing)	B
125370	피곤	fatigue,exhaustion	C
125371	피곤하다	To be very tired, exhausted	A
125406	피다	To bloom ( a flower ~)	B
125416	피디	PD – a newspaper article	C
125430	피로	Fatigue, exhaustion	B
125446	피로하다	To be fatigued, weary	B
125469	피망	A pimento; paprika	C
125488	피부	Skin	B
125554	피시	PC, personal computer	B
125564	피아노	Pian	A
125593	피우다	To make, build, kindle ; to perform (as an actor)	A
125610	피자	Pizza	A
125709	피하다	avoid,keep away	C
125727	피해	Damage	C
125732	피해자	A sufferer, the injured party	C
125809	필름	Film	B
125835	필수	necessary,indispensable	C
125838	필수적	necessary,indispensable, imperative	C
125849	필연적	Necessity, necessary	C
125851	필요	Need, requirement,necessity	A
125856	필요성	Necessity	C
125863	필요하다	To need	A
125865	필자	The writer, author	C
125877	필통	Pencil case	B
125892	핑계	Excuse	C
125901	하	Below, underneath	C
125979	하긴	Indeed, though, nevertheless	C
125981	하나	One	A
125983	하나님	God	C
125986	하나하나	Each individual piece	C
125995	하느님	God	C
126005	하늘	The sky	A
126022	하다	To do	A
126023	하다	To do	A
126033	하도	Too much, excessively	C
126044	하드웨어	Hardwaer	C
126067	하루	A day	B
126077	하룻밤	One night, a single night	C
126106	하반기	The second half of the year	C
126166	하숙집	Dormitory, boarding house	B
126169	하순	The final third of the month	C
126181	하얀색	white	B
126185	하얗다	white	B
126192	하여튼	anyways	B
126310	하지만	But, nevertheless	A
126323	하천	A river, watercourse	C
126360	하품	Yawning	B
126381	하필	Why necessarily? Why of all things?	C
126383	하하	Ha ha ha ha ha	B
126407	학과	A department in a college	C
126412	학교	School	A
126421	학교생활	Student	C
126434	학급	A class (school)	C
126442	학기	An educational term	B
126452	학년	A school year	A
126466	학력	Academic background, formal schooling	C
126490	학번	Year of graduation	C
126496	학부모	Mothers of the students	C
126499	학비	Tuition	C
126507	학생	Student	A
126523	학생증	Student identification	B
126536	학술	Science, learning, scolarship	C
126547	학습	Learning, education	B
126569	학용품	School things, supplies	C
126575	학원	Learning institute	B
126579	학위	Academic rank	C
126589	학자	Scholar	C
126611	학점	A unit, a point, a credit	C
126628	한	A grudge, rancor	C
126629	한	A limit	C
126630	한	One, a single	A
126669	한강	The han river, runs through Seoul	D
126674	한겨울	Midwinter, the dead of winter	C
126675	한결	Stands out conspicuously, especially	C
126678	한계	Boundary, limits	C
126682	한구석	A corner, a nook	C
126683	한국	Korea	D
126684	한국말	Korean (language)	A
126686	한국어	Korean (language)	A
126688	한국적	Korean (adjective)	B
126695	한글	Korean writing system	A
126696	한글날	Korean writing system national holiday	C
126704	한낮	Noon	C
126706	한눈	A look, glampse, look	C
126715	한데	(1) The open air, outside, the exterior (2) all in one place	C
126718	한동안	For quite a while	B
126719	한두	One or two	B
126720	한둘	One or two	B
126722	한때	For a while, temporarily ; at one time	C
126723	한라산	Halla-san mountain	D
126733	한마디	One word	C
126739	한문	Chinese writing, chinese classics	C
126748	한반도	the Korean peninsula	D
126751	한밤중	Midnight	C
126758	한번	Once	A
126761	한복	Korean traditional clothing	A
126785	한순간	One fleeting moment	C
126787	한숨	A breath	B
126793	한식	Korean food	C
126808	한여름	Midsummer, the middle of summer	C
126821	한자	Korean character, derived from chinese	A
126826	한잔	A drink of liquor	B
126854	한쪽	On one side	B
126858	한참	For some time, for a while	B
126861	한창	The height, summit , the top	C
126866	한층	More, still more; to the next level	C
126875	한편	One side, one way	B
126876	한평생	A lifetime, for one's entire life	C
126877	한하다	Limit, restrict	C
126943	할머니	Grandmother	A
126969	할아버지	Grandfather	A
126976	할인	A discount	B
127013	함께	Together, with	A
127028	함께하다	To do it together, with somebody	C
127044	함부로	Indiscriminately, at random	B
127112	합격	Success in an examination	B
127120	합격하다	To pass an exam	C
127164	합리적	Rational, reasonable	C
127314	합치다	combine,unite	B
127321	합하다	(1) to join together; (2) harmonize with, be in accord with	C
127350	항공	An airport	C
127375	항공기	An aircraft	C
127429	항구	A port, a harbor	C
127484	항상	Always	A
127590	해	A year	A
127592	해	Damage, injury	C
127599	해결	Solution, settlement	B
127600	해결되다	To be settled, resolved	C
127608	해결하다	To fix a problem, solve a question	B
127622	해군	The navy	C
127646	해내다	To accomplish, achieve, carry through	C
127651	해답	A solution to a problem, an answer to a question	C
127653	해당	Come/fall under the purview of	C
127655	해당되다	To be applied/applicable under	C
127658	해당하다	To be applied/applicable under	C
127690	해롭다	To be harmful, injurious	C
127702	해마다	Every year, each year	B
127716	해물	Marine products	C
127785	해석	Analysis, analytical research	C
127786	해석	Interpretation, a comment	B
127796	해석하다	To intrepret, construe	C
127800	해설	Explanation, elucidation	C
127806	해소	Dissolution, disorganization	C
127811	해소하다	To be dissolved, disorganized	C
127819	해수욕장	A swimming beach	C
127828	해안	The seashore, the coast	C
127860	해외	Abroad, foreign countries	B
127864	해외여행	Foreign travel	B
127966	핵	A nucleus, core	C
128023	핵심	The kernel, the core	C
128066	핸드백	Handbag	C
128069	핸드폰	Cell phone	A
128085	햄	ham	C
128089	햄버거	Hamburger	A
128108	햇볕	Sunbeams, sunlight	B
128109	햇빛	Sunshine, sunlight	B
128113	햇살	The rays of the sun	B
128134	행동	Action, behavior	B
128157	행동하다	To act, behave	B
128180	행복	Happiness	B
128190	행복하다	To be happy	B
128192	행사	Use, exercise	C
128193	행사	An event, a function	B
128221	행운	Good luck, good fortune	C
128231	행위	An act, deed, behavior	C
128279	행하다	To do, act, behave	C
128284	향	perfume,incense	C
128288	향기	fragrance,aroma,perfume	B
128320	향상	Improve; elevation,rise	C
128321	향상되다	To be impoved, advanced	C
128329	향수	A perfume	B
128395	향하다	To face, look out on	B
128402	허가	Permission, grant, leave	C
128454	허락	Consent, assent, approval	C
128457	허락하다	Consent, agree to	C
128465	허리	The waist, the small of the back	A
128561	허용	Permission, allowance	C
128562	허용되다	To be permitted, approved	C
128567	허용하다	To permit, approve, grant, allow	B
128618	허허	Ha-ha, with a laugh	C
128624	헌	Old, shabby, worn-out	B
128801	헤매다	Wander about, roam about	C
128821	헤아리다	Consider, weigh, ponder, consider	C
128839	헤어지다	Part from, part company with	B
128883	헬기	Helicopter	C
128911	혀	The tongue	B
128972	현	The present, the existence, actuality	C
128980	현관	The porch, the entrance	B
128983	현관문	The front door	C
128988	현금	Cash, ready funds, not a credit card	B
129031	현대	The present age, times	B
129048	현대인	A modern person	C
129050	현대적	Modern (adj)	C
129107	현상	The present situation, state	C
129150	현실	Actuality, reality	C
129165	현실적	Down to earth, Realistic	C
129202	현장	on site, on location, at the site in question	C
129211	현재	The present time, now, at present	B
129235	현지	The actual place, the very spot	B
129318	혈액	Blood	C
129415	협력	Cooperation, cooperate with	C
129502	형	An elder brother	A
129503	형	Shape, form	C
129528	형님	The respectful, proper way a man refers to an older friend	B
129541	형부	A husband of a girl's older sister	B
129543	형사	A criminal, penal case	C
129566	형성	Formation	C
129568	형성되다	To be formed, made up	C
129576	형성하다	To form, make, take shape	C
129583	형수	The wife of one's older brother	C
129584	형식	A form, formality, mold	C
129594	형식적	Related to the form	C
129629	형제	Brothers and sisters	B
129654	형태	Form, shape	C
129673	형편	The situation, the state of things (esp. financial)	C
129696	혜택	A favor, benefit	C
129702	호	A pen name, a title; a number, an issue	A
129732	호기심	Curiousity	C
129733	호남	The HONAM district, which is CHOLLA-DO in S.W south korea	D
129764	호랑이	A tiger	B
129794	호박	Pumpkin	C
129856	호선	The track number for a train	B
129869	호수	A lake	B
129887	호실	Tells you the room number	C
129965	호주	Australia	D
129967	호주머니	A pocket	C
129992	호텔	Hotel	A
130046	호흡	Respiration, breath	C
130090	혹시	Sometimes	C
130095	혹은	If that's not the case	B
130116	혼나다	Get frightened, scared	C
130202	혼자	Alone	A
130220	혼잣말	Talking to oneself	C
130300	홀로	Alone, by oneself	C
130355	홈페이지	Homepage	B
130393	홍보	Public information, public relations	C
130414	홍수	A flood, inundation	C
130461	홍차	Tea, black tea	B
130480	화	Anger (get angry)	A
130485	화가	A painter, a drawer artist	B
130535	화나다	Get angry	B
130577	화려하다	Splendor, magnificence of a display, a look	B
130588	화면	Screen	C
130647	화분	Flower pot	B
130667	화살	An arrow	C
130747	화요일	Tuesday	A
130766	화장	Makeup	C
130786	화장실	Bathroom	A
130797	화장지	Soft paper used when applying makeup	C
130800	화장품	Makup, cosmetics	B
130806	화재	A fire, a blaze	C
130819	화제	Subject of conversation	C
130901	화학	Chemistry	C
130972	확	With a burst, great puff	C
130994	확대되다	To be magnified	B
131004	확대하다	To enlarge,magnify	B
131021	확립하다	to establish,settle,fix	C
131022	확보	security, insurance of being able to provide	C
131026	확산되다	To get diffused, to become diffused	C
131036	확신	Conviction, firm belief	C
131045	확신하다	To be confident of	C
131058	확실하다	To be sure, certain	B
131062	확실히	certainly,for sure	B
131070	확인	A check,confirmation	B
131072	확인되다	To be confirmed	C
131077	확인하다	To confirm,corroborate	B
131082	확장	expansion, enlargement	C
131091	확정	decision,settlement	C
131131	환갑	one's 60th anniversary	B
131133	환경	Environment	B
131171	환경오염	Environmental pollution	C
131295	환영	Welcome	B
131304	환영하다	To welcome	C
131334	환율	The exchange rate (money)	C
131338	환자	A patient	A
131375	환하다	To be clear, unobstructed ; to be light, bright (opp. 어둡다)	C
131418	활기	Vigor, life, vitality	C
131449	활동	Activity	B
131467	활동하다	To be active, lead an active life	B
131492	활발하다	Be lively, sprightly	B
131493	활발해지다	To become lively	C
131494	활발히	briskly,actively	C
131527	활용	(1) Practical use, putting sth to practical use, (2) to conjugate grammatically	C
131532	활용하다	Utilize, make practical use of	B
131561	활짝	extensively,widely	C
131748	회	A time, an inning, a round in a game	C
131759	회견	An interview, a meeting	C
131787	회관	An assembly hall	C
131848	회복	Recovery, recuperation	C
131851	회복되다	To be recovered	C
131861	회복하다	To recover, get better, get well again	B
131871	회사	A company	A
131889	회색	Gray	B
131929	회원	A member of a society, the employees	B
131943	회의	Doubt, skepticism	C
131944	회의	A meeting, a conference	A
131963	회장	Chariman, the president	B
131979	회전	Revolution, rotation	C
132075	회화	Conversations, talk	B
132108	횟수	The number of times, the frequency	C
132127	횡단보도	Crossing	B
132155	효과	effectiveness, good effects, working	B
132158	효과적	Effective	C
132161	효도	Filial piety	C
132162	효도하다	To be a good son/daughter to one's parents	C
132192	효율적	The utility factor, efficiency	C
132195	효자	A dutiful son	C
132199	후	After	A
132223	후기	The latter term/period	C
132301	후반	The latter/second half	C
132310	후배	one's junior	B
132313	후보	candidature,candidacy	C
132424	후춧가루	Ground pepper	B
132453	후회	repentance,regret	C
132458	후회하다	To regret	B
132482	훈련	Training	C
132543	훌륭하다	To be excellent	B
132569	훔치다	To steal	C
132580	훨씬	By far, very much so	B
132716	휴가	holidays,vacation	B
132775	휴식	Rest, take a rest	C
132801	휴일	A day off of work, a holiday	A
132816	휴지통	a waste paper basket	A
132843	흉내	Imitation, mimicry	C
132908	흐려지다	Get cloudy, overcast	C
132912	흐르다	Flow, stream	B
132914	흐름	Flowing, a stream/current	C
132920	흐리다	Cloudy (weather)	B
132921	흐리다	Be muddy, cloudy ;  with a tint of	C
132967	흑백	Black and white	C
133012	흑인	A Negro	C
133100	흔들다	Shake, sway	B
133105	흔들리다	Shake, swing,rock,tremble	C
133126	흔적	traces,signs,evidences	C
133132	흔하다	To be everywhere	C
133138	흔히	Generally, commonly ; often	B
133156	흘러가다	flow,run,drift along	B
133157	흘러나오다	Flow out, run, effuse	B
133159	흘러내리다	Run (stream,pour) down	C
133172	흘리다	spill,shed (tears,blood)	B
133179	흙	earth,the soil	B
133334	흥미	interest,zeal	B
133337	흥미롭다	To be interesting	C
133349	흥분	excitement,excitation	C
133363	흥분하다	be/grow excited	C
133410	흩어지다	Scatter about	C
133417	희곡	A drama, a play	C
133446	희다	White, fair	B
133464	희망	Hope, wish	B
133476	희망하다	Hope	C
133504	희생	A sacrifice	C
133525	희생하다	To sacrifice	C
133591	흰색	white	A
133723	힘	Power	A
133730	힘겹다	To be not strong enough to do	C
133731	힘껏	With all one's might	C
133736	힘들다	To be hard, difficult	A
133737	힘들어하다	To be exacting, tolling	C
133754	힘쓰다	To try really hard	C
133756	힘없이	feebly,weekly	C
133779	힘차다	Be forcible,powerful	C
